ticker,AAPL,MSFT,NVDA,GOOGL,AMZN,META,TSLA,AVGO,AMD,ORCL,CRM,ADBE,QCOM,TXN,IBM,CSCO,INTU,NOW,INTC,MU,AMAT,PANW,PLTR,SNOW,LLY,UNH,JNJ,ABBV,MRK,AMGN,GILD,REGN,VRTX,MDT,BMY,PFE,SYK,ISRG,TMO,ABT,ELV,CI,ZTS,JPM,BAC,GS,MS,WFC,V,MA,BLK,AXP,C,BRK-B,SPGI,MCO,WMT,HD,MCD,COST,SBUX,NKE,LOW,TGT,KO,PEP,PG,PM,MDLZ,XOM,CVX,COP,SLB,EOG,PSX,GE,CAT,BA,RTX,HON,UNP,DE,ETN,LMT,NOC,DIS,T,VZ,CMCSA,NFLX,SPY,QQQ,IWM,VTI,VOO,VEA,EEM,TLT,BND,AGG,HYG,XLF,XLE,XLK,XLV,XLI,VNQ,SCHD,VIG,JEPI,ARKK,GLD,IAU,SLV,SPXL,TQQQ,SOXL
AAPL,0.0627,0.015687,0.028452,0.02545,0.025891,0.022641,0.039111,0.035898,0.031852,0.011578,0.017777,0.026333,0.028004,0.021526,0.015574,0.040662,0.014242,0.015762,0.028326,0.034059,0.042323,0.0118,0.035245,0.020642,0.016574,-0.007529,0.005809,0.002825,0.021906,0.013968,0.028693,0.016435,0.013394,0.011173,0.007525,0.010408,0.010012,0.03031,0.015682,0.016318,-0.004233,0.001751,0.041838,0.022276,0.030216,0.039436,0.037139,0.023105,0.016273,0.020131,0.03195,0.029351,0.041314,0.013223,0.009946,0.015961,0.009121,0.024611,0.011544,0.005138,0.02364,0.022169,0.021947,0.020356,0.007689,0.006072,0.009326,0.013633,0.003851,-0.006886,-0.007504,-0.006781,0.026111,-0.013938,-0.000141,0.036749,0.030358,0.028338,0.00543,0.020135,0.014932,0.014163,0.035528,-0.007517,-0.00586,0.032574,0.00105,-0.001484,0.014735,0.004114,0.021333,0.027258,0.025115,0.022518,0.027068,0.025011,0.026465,0.002312,0.002161,0.00298,0.009684,0.026093,-0.003151,0.03432,0.029417,0.031798,0.013619,0.010683,0.022352,0.010209,0.047186,0.001821,0.002007,0.016117,0.073,0.077376,0.102521
MSFT,0.015687,0.086436,0.049321,0.010335,0.03333,0.037345,0.046064,0.044602,0.054172,0.084136,0.084148,0.064949,0.015828,-0.018604,0.029758,0.019186,0.09132,0.108831,0.029884,0.040858,0.017421,0.078098,0.101784,0.102368,-0.004948,0.006969,-0.018046,-0.007459,-0.021229,-0.006609,-0.004444,-9.6e-05,0.009872,-0.007546,-0.013636,-0.001475,0.002037,0.034422,0.022721,-0.006167,-0.009252,-0.002754,0.018188,0.012543,0.016673,0.021311,0.029512,0.008175,0.013286,0.019842,0.02203,0.02453,0.030288,-0.001894,0.032718,0.028789,-0.010575,0.002596,-0.006405,-0.003908,0.015463,0.01504,-0.003295,0.007383,-0.012454,-0.015339,-0.013093,-0.005278,-0.017179,-0.018942,-0.010632,-0.005398,0.0014,-0.014036,-0.011391,-0.000318,-0.012814,0.025403,-0.004393,-0.00356,-0.015243,-0.023839,0.000469,-0.008704,-0.012879,0.023707,-0.022528,-0.016817,-0.015432,0.016825,0.019831,0.030679,0.016863,0.020555,0.02529,0.015064,0.021673,0.001779,0.001937,0.00227,0.007977,0.019728,-0.011425,0.048129,-0.00185,0.000499,0.002756,-0.003552,0.012252,0.004802,0.062746,0.003121,0.00335,0.021499,0.068812,0.087003,0.070776
NVDA,0.028452,0.049321,0.146919,0.031415,0.045725,0.068366,0.074921,0.10032,0.146486,0.087766,0.024692,0.004579,0.035972,0.008962,0.014901,0.042676,0.016789,0.021582,0.112818,0.145026,0.132857,0.041075,0.116997,0.053614,-0.00332,0.003066,-0.013886,-0.004862,-0.007239,0.005474,0.002605,0.015466,0.01504,0.005278,-0.008425,-0.000464,0.015469,0.040318,0.021426,0.00568,-0.00369,0.004755,0.031793,0.02972,0.030161,0.062948,0.04871,0.021647,0.004941,0.011701,0.047461,0.028865,0.06371,-0.013221,0.006404,0.014613,-0.012453,0.00694,-0.018493,-0.01514,0.016184,0.011084,0.009455,0.008892,-0.015398,-0.01812,-0.008855,-0.009887,-0.023492,-0.023544,-0.019259,-0.014974,0.017704,-0.022257,-0.011974,0.062551,0.044157,0.038427,0.015904,0.016997,0.00319,-0.004403,0.074243,-0.000769,-0.006332,0.036654,-0.025018,-0.025696,-0.021625,0.005099,0.036771,0.055595,0.039983,0.03813,0.046823,0.039066,0.055156,0.002552,0.003025,0.00402,0.015064,0.023174,-0.011884,0.084697,0.012122,0.042124,0.008633,-0.002012,0.024164,0.011066,0.095789,0.016798,0.018791,0.03818,0.126668,0.158366,0.285735
GOOGL,0.02545,0.010335,0.031415,0.094126,0.043301,0.022657,0.056654,0.063728,0.084022,0.030812,0.009238,0.02029,0.071696,0.025642,0.023748,0.03128,0.012648,0.020997,0.071648,0.092313,0.085582,0.030993,0.066347,0.022954,0.040241,0.00809,0.007411,0.018422,0.006707,0.017575,0.025503,0.027309,0.029199,0.022036,0.02548,0.010427,0.019567,0.033574,0.027342,0.009253,0.008329,-0.00659,0.043755,0.024116,0.025134,0.040872,0.03991,0.015413,0.007122,0.002973,0.042951,0.029553,0.036851,0.002674,0.019719,0.022727,0.008815,0.028688,0.012402,0.003611,0.01837,0.003793,0.028773,0.004485,-0.002127,0.000184,0.008111,0.002165,0.001405,-0.031473,-0.021331,-0.032558,0.018207,-0.029898,-0.01016,0.051349,0.058724,0.035212,0.019751,0.018982,0.009485,0.025171,0.05791,0.004611,0.001027,0.041251,-0.01146,-0.002558,-0.004298,0.013127,0.027526,0.038761,0.033269,0.029091,0.035009,0.041625,0.048622,0.005587,0.006825,0.008202,0.014815,0.021533,-0.016876,0.044752,0.050864,0.045031,0.015583,0.008893,0.025164,0.012196,0.072164,0.016114,0.018232,0.032512,0.094426,0.110203,0.177324
AMZN,0.025891,0.03333,0.045725,0.043301,0.09187,0.051677,0.050803,0.052466,0.095818,0.034441,0.030689,0.033876,0.055766,0.025032,0.020917,0.039682,0.025445,0.027869,0.080473,0.092321,0.083008,0.033633,0.069452,0.022579,0.006227,0.005866,-0.011954,0.001772,0.001427,0.004679,0.011864,0.008771,0.019825,0.005345,0.001031,0.003651,0.014655,0.03493,0.025992,-0.006692,0.003542,0.000329,0.041322,0.025771,0.028267,0.035738,0.035256,0.020643,0.020294,0.027202,0.042345,0.029694,0.040843,0.009589,0.02574,0.029855,-8.5e-05,0.030529,0.00291,0.001998,0.027207,0.018263,0.025705,0.014834,-0.003926,-0.008509,0.003834,-0.004842,0.000465,-0.02529,-0.01669,-0.016218,0.025581,-0.017612,-0.009203,0.03463,0.030245,0.030164,0.007082,0.019228,0.010156,0.004485,0.048007,-0.009589,-0.011233,0.039724,-0.012569,-0.010941,-0.005883,0.024493,0.028594,0.042635,0.030915,0.029832,0.036369,0.030735,0.038951,0.002611,0.003343,0.004013,0.012154,0.027435,-0.012635,0.05116,0.019519,0.034468,0.011639,0.005186,0.022219,0.011941,0.067743,0.005173,0.005827,0.028008,0.098644,0.121856,0.18075
META,0.022641,0.037345,0.068366,0.022657,0.051677,0.110025,0.049487,0.053537,0.077287,0.053171,0.025487,0.020647,0.002784,0.009281,0.02408,0.025229,0.016377,0.017001,0.075446,0.083182,0.085151,0.034724,0.067958,0.028668,-0.014428,0.010011,-0.010686,-0.000963,0.006915,0.002776,0.010203,0.009049,0.020226,0.007619,-0.011172,0.000893,0.015329,0.033546,0.019266,-0.001162,0.009102,0.015775,0.036338,0.028094,0.033459,0.042794,0.037945,0.026291,0.022203,0.042435,0.0418,0.033388,0.05422,0.008699,0.023467,0.024891,-0.003715,0.021453,0.002993,-0.004807,0.024095,0.020312,0.018359,0.008944,-0.004707,-0.014483,0.007227,-0.004452,-0.007859,-0.027531,-0.025125,-0.022154,0.008566,-0.036657,-0.022077,0.040939,0.019962,0.029307,0.008916,0.024608,0.007197,0.00017,0.033186,0.000432,-0.00306,0.03952,-0.011926,-0.016876,0.000852,0.009415,0.027755,0.039979,0.028949,0.028679,0.035294,0.032464,0.041605,0.005987,0.00548,0.006513,0.013513,0.030604,-0.022669,0.051686,0.012784,0.032775,0.010682,-0.000346,0.020616,0.011298,0.066529,0.014019,0.015834,0.03349,0.095399,0.1137,0.161274
TSLA,0.039111,0.046064,0.074921,0.056654,0.050803,0.049487,0.186279,0.077019,0.117385,0.088661,0.04603,0.033788,0.066082,0.014294,0.032918,0.03957,0.052593,0.060554,0.07311,0.106487,0.112268,0.043072,0.158017,0.082322,0.022127,0.010366,-0.005418,0.006776,0.00567,0.009701,0.014025,0.025035,0.029948,0.008443,0.019967,0.014755,0.004069,0.052253,0.037184,0.006322,0.003459,0.003631,0.055481,0.030174,0.037848,0.054432,0.05996,0.021514,0.010591,0.011471,0.052747,0.044522,0.065063,0.004306,0.012366,0.027523,0.004278,0.032847,0.004229,-0.00169,0.021884,0.027828,0.029826,0.022904,-0.012653,-0.006356,0.001353,-0.008344,-0.008521,-0.015533,-0.007441,-0.012157,0.039276,-0.018772,0.012702,0.059899,0.052559,0.047577,0.021774,0.029798,0.00614,0.007062,0.066488,0.010379,0.006834,0.06703,-0.01446,-0.005549,0.005635,0.0117,0.038203,0.055427,0.04812,0.04076,0.048534,0.045764,0.054896,0.003153,0.005158,0.006274,0.017538,0.032593,-0.000572,0.069374,0.038801,0.049169,0.015368,0.010853,0.030167,0.014409,0.132596,0.017783,0.019943,0.028995,0.131351,0.157688,0.227021
AVGO,0.035898,0.044602,0.10032,0.063728,0.052466,0.053537,0.077019,0.214369,0.1635,0.123013,0.021436,0.020845,0.060102,0.029204,0.026476,0.069782,0.022783,0.031242,0.124146,0.153304,0.171943,0.063023,0.134512,0.080892,0.017319,0.006283,-0.013296,0.005357,-0.004491,0.008971,0.020756,0.01677,0.006923,0.010539,-0.003278,0.000748,0.010624,0.055661,0.027456,-0.004952,-0.001208,-0.00628,0.014033,0.034306,0.033929,0.065008,0.061275,0.022666,0.013045,0.005704,0.050952,0.037163,0.059817,-0.007174,0.010821,0.016884,-0.005373,0.012925,-0.013717,-0.007658,0.032002,0.003544,0.016534,0.008812,-0.021844,-0.01995,-0.020601,-0.006579,-0.020446,-0.028661,-0.013871,-0.019222,0.031214,-0.021212,-0.011985,0.055344,0.079411,0.044534,0.012717,0.011064,-0.0008,0.006489,0.11901,0.001565,-0.016412,0.04108,-0.02877,-0.027491,-0.010522,0.016332,0.042496,0.065288,0.050226,0.045006,0.054229,0.048519,0.065501,0.006814,0.006385,0.007868,0.017827,0.026587,-0.009957,0.097176,0.027839,0.056038,0.012777,0.002569,0.03988,0.014655,0.111109,0.013267,0.014917,0.040404,0.146388,0.186148,0.365923
AMD,0.031852,0.054172,0.146486,0.084022,0.095818,0.077287,0.117385,0.1635,0.617953,0.135041,0.011406,0.023812,0.15815,0.061523,0.037112,0.140753,-0.024649,0.026668,0.339611,0.284929,0.301783,0.052297,0.221644,0.065202,0.001312,0.02828,-0.01529,0.016637,-0.019736,-0.000266,0.003929,-0.007971,0.036344,0.010058,0.009422,-0.002583,-0.015444,0.04494,0.037487,-0.036529,0.017123,0.003332,0.006749,0.035038,0.029583,0.097819,0.07306,0.028971,0.01658,-0.001764,0.072432,0.032399,0.065909,-0.031224,0.013017,0.03309,0.011948,0.009582,-0.026076,0.009778,0.034812,-0.001327,0.013007,0.023189,-0.017134,-0.01151,-0.006623,-0.017583,0.000248,-0.027778,-0.025117,-0.020514,0.066908,-0.007247,0.017995,0.068576,0.127237,0.071322,0.008492,0.021746,0.003294,0.004513,0.176133,0.012159,-0.017495,0.054795,-0.038188,-0.052665,-0.058013,0.026716,0.060592,0.101289,0.082984,0.064617,0.077304,0.074236,0.11737,0.003374,0.004731,0.00618,0.023699,0.025044,0.00213,0.152373,0.024146,0.085022,0.010228,0.006746,0.045804,0.019279,0.19107,0.041401,0.046433,0.085909,0.20909,0.288947,0.668301
ORCL,0.011578,0.084136,0.087766,0.030812,0.034441,0.053171,0.088661,0.123013,0.135041,0.328902,0.11053,0.080911,0.039454,-0.010012,0.055361,0.050981,0.102225,0.146062,0.053491,0.114951,0.083772,0.120293,0.210604,0.192786,0.004024,0.016804,-0.035463,-0.008288,-0.037926,-0.016846,-0.020978,-0.004641,0.003133,-0.010881,-0.023499,0.002208,-0.024218,0.048181,0.03444,-0.025508,-0.008632,-0.006892,0.012297,0.028634,0.025838,0.0464,0.05799,0.011952,-0.001058,0.006468,0.044134,0.038617,0.050017,-0.022898,0.045379,0.042316,-0.022872,-0.002204,-0.035101,-0.024873,0.016365,0.023404,0.001979,-0.001984,-0.038161,-0.026274,-0.041345,-0.016441,-0.034424,-0.008475,0.009477,0.011545,0.012276,0.009596,0.008721,0.012283,0.030869,0.038061,0.005299,-0.000668,-0.014426,-0.021593,0.048251,0.021023,-0.005736,0.041984,-0.035993,-0.024072,-0.004415,0.010638,0.033596,0.052067,0.042861,0.03663,0.042808,0.033832,0.047255,0.004663,0.004362,0.005478,0.015064,0.02578,0.004236,0.091252,-0.004169,0.027046,0.004378,-0.0019,0.026762,0.008931,0.139784,0.009855,0.01107,0.037832,0.116592,0.148755,0.219737
CRM,0.017777,0.084148,0.024692,0.009238,0.030689,0.025487,0.04603,0.021436,0.011406,0.11053,0.224202,0.161667,0.048494,-0.047186,0.071056,0.00276,0.197192,0.232455,0.011577,0.002164,-0.035908,0.137332,0.1334,0.182181,0.005746,0.013025,-0.035641,-0.013876,-0.029401,-0.01301,-0.022927,-0.016226,0.026088,-0.012018,-0.009364,0.011788,0.000832,0.043979,0.04529,-0.01341,-0.00579,-0.00864,0.041452,0.017223,0.016865,0.016236,0.031905,0.011221,0.02568,0.03894,0.020789,0.042025,0.022739,0.00725,0.079579,0.070194,-0.028547,-0.005413,-0.014063,-0.007155,0.014673,0.025515,-0.009768,0.002977,-0.024637,-0.026942,-0.024958,-0.022989,-0.033083,-0.018136,0.002426,0.011699,-0.012734,0.000616,0.009274,-0.043375,-0.039343,0.003729,-0.020442,-0.009357,-0.030334,-0.043241,-0.049357,-0.000836,-0.01674,0.047705,-0.02743,-0.019788,-0.024855,0.012235,0.016427,0.025475,0.015515,0.017772,0.020931,0.006447,0.007932,0.003797,0.002116,0.002175,0.005456,0.032459,-0.006174,0.044092,0.002787,-0.02236,-0.001179,-0.004173,0.009176,0.002945,0.076178,-0.011618,-0.013053,0.004338,0.057421,0.072713,-0.014713
ADBE,0.026333,0.064949,0.004579,0.02029,0.033876,0.020647,0.033788,0.020845,0.023812,0.080911,0.161667,0.210222,0.070609,-0.024597,0.06871,0.00316,0.179912,0.196986,0.012205,-0.021616,-0.036862,0.109087,0.090533,0.134006,0.01828,0.018418,-0.021446,0.006743,-0.014577,0.002882,-0.000984,-0.000409,0.032497,0.0009,0.001438,0.021485,0.016821,0.055013,0.046432,-0.006493,0.001596,-0.005263,0.054258,0.016223,0.021963,0.012147,0.030174,0.01702,0.033643,0.048092,0.030839,0.044459,0.01923,0.017114,0.083176,0.072826,-0.013303,0.018294,0.013327,0.00459,0.026198,0.030527,0.011127,0.014095,-0.009813,-0.015108,-0.010008,-0.003814,-0.015488,-0.011185,0.002183,0.010984,0.00084,0.012637,0.021435,-0.022286,-0.028805,0.015522,-0.016298,0.000886,-0.013277,-0.019521,-0.041521,0.000895,-0.015696,0.057629,-0.007768,-0.009548,-0.007667,0.026446,0.018257,0.025204,0.016166,0.019488,0.023211,0.01345,0.011436,0.005396,0.003862,0.004399,0.008277,0.036705,0.001799,0.036,0.027457,-0.007902,0.00666,0.005128,0.016753,0.008532,0.059625,-0.016406,-0.018333,-0.009775,0.063434,0.07177,-0.008527
QCOM,0.028004,0.015828,0.035972,0.071696,0.055766,0.002784,0.066082,0.060102,0.15815,0.039454,0.048494,0.070609,0.222124,0.039893,0.033734,0.055948,0.048912,0.074583,0.148542,0.085238,0.112899,0.058217,0.069716,0.034725,0.05167,0.015715,-0.006627,0.02756,-0.005057,0.031112,0.010726,0.026147,0.038579,0.020767,0.036439,0.037365,0.029061,0.052284,0.053698,0.003001,0.021349,0.008726,0.087253,0.040108,0.038117,0.057152,0.056281,0.032105,0.024007,0.013818,0.063174,0.055012,0.050765,0.007246,0.030106,0.040439,0.004034,0.033565,0.014254,0.006983,0.033456,0.043958,0.033978,0.034535,-0.005291,0.005044,0.008225,-0.010393,0.010721,-0.006793,0.004388,0.001105,0.060494,0.019596,0.056759,0.052607,0.07942,0.036235,0.011575,0.03345,0.017617,0.029724,0.091056,-0.000545,-0.00411,0.0873,-0.010828,0.001819,-0.032789,0.009389,0.035147,0.04876,0.050627,0.037894,0.044513,0.050628,0.058036,0.001062,0.003685,0.004544,0.014615,0.039143,0.019743,0.062746,0.065547,0.058461,0.024176,0.023048,0.036604,0.017235,0.093033,0.010259,0.011457,0.036834,0.120834,0.138909,0.268199
TXN,0.021526,-0.018604,0.008962,0.025642,0.025032,0.009281,0.014294,0.029204,0.061523,-0.010012,-0.047186,-0.024597,0.039893,0.123763,-0.017827,0.035111,-0.047949,-0.086246,0.076246,0.07893,0.092077,-0.016332,-0.030915,-0.020982,0.021153,0.015591,0.018821,0.017438,0.02866,0.022877,0.038748,0.036027,0.029592,0.026395,0.02285,0.010744,0.025862,0.02038,-0.018952,0.009394,0.040688,0.0204,0.02663,0.023131,0.019104,0.035277,0.022124,0.021662,0.010793,0.00819,0.033246,0.010131,0.027213,0.015319,-0.003232,-0.001286,0.022288,0.035351,0.022435,0.01552,0.02314,0.013987,0.036629,0.01699,0.014649,0.013735,0.018294,0.020605,0.025949,-0.001274,-0.005864,0.002531,0.029252,0.002694,4e-06,0.04429,0.06474,0.038603,0.012903,0.012191,0.049057,0.043629,0.084064,-0.0135,0.005338,0.028416,0.01597,0.013407,0.040859,-0.000772,0.017876,0.022869,0.029058,0.019568,0.022459,0.023404,0.027304,0.000316,0.001824,0.002583,0.008109,0.018586,0.00502,0.025833,0.046117,0.057245,0.019806,0.021472,0.026532,0.014995,0.026409,0.013192,0.014993,0.022226,0.060462,0.065279,0.213201
IBM,0.015574,0.029758,0.014901,0.023748,0.020917,0.02408,0.032918,0.026476,0.037112,0.055361,0.071056,0.06871,0.033734,-0.017827,0.097032,0.039531,0.090696,0.08744,0.016485,0.018883,0.015008,0.057695,0.08344,0.08628,0.00253,0.010918,-0.014631,0.001724,-0.008051,0.000906,0.007993,0.00069,0.014302,-0.001752,0.009734,0.013506,0.004404,0.02659,0.032247,0.000522,0.001448,-0.004019,0.043313,0.03036,0.031179,0.031253,0.03769,0.023664,0.019782,0.035292,0.030922,0.045679,0.03811,0.012107,0.048955,0.045625,-0.00453,0.015109,0.003265,0.002763,0.013037,0.02436,0.016795,0.014429,-0.008016,-0.00828,-0.010828,-0.010177,-0.014654,-0.010782,0.000201,-0.000201,0.003105,-0.002312,0.009835,0.010541,0.006287,0.011879,0.01215,0.01833,-0.005324,0.002971,0.00912,0.021142,0.002989,0.038552,-0.005175,-0.008629,-0.006853,0.01861,0.016642,0.021376,0.023515,0.018426,0.02132,0.019015,0.01978,0.004152,0.004233,0.004826,0.008931,0.03535,-0.000899,0.031792,0.016009,0.015222,0.01384,0.005171,0.017673,0.007982,0.057922,-0.003572,-0.004064,0.003269,0.057888,0.060993,0.040569
CSCO,0.040662,0.019186,0.042676,0.03128,0.039682,0.025229,0.03957,0.069782,0.140753,0.050981,0.00276,0.00316,0.055948,0.035111,0.039531,0.23088,0.005087,0.010816,0.102984,0.08871,0.138324,0.040768,0.109341,0.050385,-0.00409,0.000524,-0.011308,0.020478,0.010561,0.012039,0.049172,0.012119,0.03511,0.007689,0.022304,0.013518,0.005726,0.034668,0.030211,-0.000689,0.009761,0.026481,0.053299,0.042926,0.047076,0.058372,0.057675,0.045521,0.02736,0.026567,0.052065,0.041131,0.079413,0.001332,0.008975,0.022666,0.009649,0.031306,-0.008444,0.011048,0.042643,0.020579,0.0341,0.036145,-0.003814,0.007175,-0.008004,-0.009294,0.013051,0.009388,0.006738,0.003318,0.041661,0.002776,0.040757,0.039269,0.065995,0.023278,0.009816,0.025876,0.014664,0.043125,0.083324,0.012352,-0.011546,0.056855,-0.003895,-0.002684,0.005719,0.020055,0.031868,0.046098,0.046187,0.034566,0.040652,0.037386,0.045805,-0.005476,-0.002981,-0.002827,0.010099,0.038166,0.019845,0.067875,0.0339,0.057525,0.013192,0.021081,0.036214,0.015718,0.072667,0.015462,0.017191,0.040248,0.110089,0.131777,0.250942
INTU,0.014242,0.09132,0.016789,0.012648,0.025445,0.016377,0.052593,0.022783,-0.024649,0.102225,0.197192,0.179912,0.048912,-0.047949,0.090696,0.005087,0.324444,0.255773,-0.036774,-0.026972,-0.055858,0.14063,0.164556,0.209657,0.009148,0.025062,-0.037976,-0.011261,-0.035716,-0.006473,-0.004085,0.006269,0.02814,-0.007397,-0.009466,0.019559,0.004036,0.063968,0.045308,-0.006476,-0.009097,-0.006885,0.061792,0.011022,0.022389,0.001293,0.030864,0.012118,0.032065,0.052896,0.023012,0.03935,0.02756,0.007706,0.107049,0.093359,-0.02706,-0.005302,0.002025,-0.002515,0.02032,0.032082,-0.01683,0.005882,-0.021339,-0.035018,-0.022939,-0.014591,-0.021212,-0.011522,0.002226,0.010957,-0.008795,0.003365,0.010909,-0.038409,-0.059273,0.019054,-0.015492,-0.01411,-0.031939,-0.060985,-0.059906,-0.008463,-0.016728,0.045203,-0.016533,-0.020902,-0.01927,0.036602,0.016347,0.026028,0.010079,0.01752,0.020781,0.000784,-0.001215,0.006365,0.004423,0.004645,0.007579,0.037524,-0.001615,0.040535,0.012806,-0.027031,0.000596,-0.004068,0.011253,0.004919,0.077891,-0.018131,-0.020503,-0.012827,0.056693,0.074119,-0.053783
NOW,0.015762,0.108831,0.021582,0.020997,0.027869,0.017001,0.060554,0.031242,0.026668,0.146062,0.232455,0.196986,0.074583,-0.086246,0.08744,0.010816,0.255773,0.379086,-0.009226,-0.008624,-0.045539,0.18697,0.196561,0.248775,0.01167,0.019611,-0.043675,-0.006879,-0.050746,-0.019304,-0.026121,-0.014473,0.021907,-0.011948,-0.011336,0.016903,0.003174,0.055688,0.073511,-0.015884,-0.024761,-0.023408,0.056537,0.010276,0.01841,0.01243,0.03773,0.003768,0.025295,0.040919,0.024625,0.055926,0.019454,-0.002008,0.096708,0.091313,-0.025233,0.003599,-0.011303,0.00011,0.011886,0.03379,-0.003376,0.00947,-0.035968,-0.033686,-0.02863,-0.034046,-0.042704,-0.015439,-0.002917,0.001615,-0.001959,0.007235,0.017752,-0.041457,-0.052603,0.02424,-0.016501,-0.006707,-0.056817,-0.052248,-0.064582,0.007599,-0.019983,0.050535,-0.03415,-0.021931,-0.052474,0.01591,0.019256,0.030503,0.017069,0.020847,0.024532,0.012236,0.017511,0.008466,0.006889,0.007595,0.010395,0.03486,-0.004751,0.0524,0.006234,-0.029457,-0.003039,-0.007476,0.009937,0.002997,0.100354,-0.009306,-0.010567,0.001778,0.067295,0.086694,-0.043595
INTC,0.028326,0.029884,0.112818,0.071648,0.080473,0.075446,0.07311,0.124146,0.339611,0.053491,0.011577,0.012205,0.148542,0.076246,0.016485,0.102984,-0.036774,-0.009226,0.718595,0.277606,0.257475,0.075055,0.057331,0.028817,0.015285,0.02967,-0.007038,0.014034,0.024848,0.029691,0.011736,0.009894,0.047131,0.00721,0.01216,0.022147,-0.004207,0.018987,0.044597,-0.015921,0.052234,0.030601,0.038164,0.036311,0.044879,0.06797,0.05628,0.03856,0.03637,0.030031,0.050586,0.028228,0.070212,0.004063,0.006103,0.024704,0.001341,0.024014,-0.034154,0.004583,0.064971,-0.003471,0.01956,0.013746,0.005662,0.005023,0.009458,-0.04655,0.011197,-0.036426,-0.029138,-0.02627,0.078632,-0.00749,0.037836,0.086329,0.101141,0.061145,-0.002865,0.035699,0.00832,0.002283,0.133558,-0.000883,-0.005836,0.050736,-0.045262,-0.042212,-0.08302,0.00435,0.052421,0.086211,0.076485,0.055736,0.067129,0.065019,0.099233,0.001069,0.005087,0.006437,0.022792,0.034611,-0.004144,0.128218,0.046833,0.078467,0.0157,0.015796,0.04405,0.020287,0.111031,0.028701,0.032027,0.0566,0.181829,0.244985,0.61199
MU,0.034059,0.040858,0.145026,0.092313,0.092321,0.083182,0.106487,0.153304,0.284929,0.114951,0.002164,-0.021616,0.085238,0.07893,0.018883,0.08871,-0.026972,-0.008624,0.277606,0.572746,0.341674,0.034543,0.132999,0.091697,0.01664,0.019161,-0.01105,0.008946,0.027327,0.016448,0.068431,0.037589,0.043224,0.033515,-0.002947,0.006194,0.029301,0.076784,0.039044,0.011565,0.028546,0.009621,0.05873,0.03529,0.039728,0.092439,0.076511,0.02119,0.018547,0.01111,0.088292,0.041053,0.075417,-0.018695,0.006433,0.032264,0.001545,0.025778,-0.035923,-0.006851,0.050064,-0.00664,0.011078,0.013912,-0.012509,-0.020628,-0.009263,-0.004993,-0.004074,-0.043416,-0.052908,-0.036068,0.054202,-0.035803,-0.010386,0.110235,0.125807,0.077483,0.044532,0.029188,-0.001385,0.017571,0.188282,0.022289,0.00171,0.035292,-0.0477,-0.042448,-0.038441,0.004489,0.059925,0.097447,0.077078,0.063699,0.07663,0.081225,0.121788,-0.003296,0.002956,0.004619,0.025243,0.031071,-0.021825,0.143287,0.064363,0.098232,0.011688,0.008534,0.047669,0.021231,0.153763,0.04913,0.055083,0.089827,0.206878,0.277383,0.660815
AMAT,0.042323,0.017421,0.132857,0.085582,0.083008,0.085151,0.112268,0.171943,0.301783,0.083772,-0.035908,-0.036862,0.112899,0.092077,0.015008,0.138324,-0.055858,-0.045539,0.257475,0.341674,0.507656,0.013774,0.127496,0.049859,0.022315,0.006742,0.003675,0.023409,0.03842,0.049735,0.069168,0.059983,0.072755,0.035644,0.0351,0.026,0.036691,0.086196,0.059684,0.020051,0.017774,0.012785,0.086267,0.061822,0.061986,0.126976,0.111207,0.058526,0.014775,0.007735,0.116056,0.054758,0.117509,-0.02216,0.008502,0.03563,0.020896,0.060896,-0.00237,0.016155,0.05117,0.029914,0.059031,0.039355,-0.013547,-0.008826,-0.001362,0.006137,-0.001876,-0.043133,-0.041819,-0.043227,0.090241,-0.045952,-0.003005,0.139733,0.173173,0.081279,0.037451,0.056563,0.028289,0.049556,0.231973,0.025537,0.003949,0.084377,-0.043806,-0.048799,-0.02383,0.005826,0.065116,0.098226,0.095641,0.070129,0.083025,0.09678,0.129371,0.003895,0.008096,0.010421,0.029445,0.047988,-0.018357,0.141105,0.086601,0.134213,0.025218,0.018783,0.064452,0.031314,0.164766,0.050586,0.056804,0.106673,0.223457,0.27917,0.705005
PANW,0.0118,0.078098,0.041075,0.030993,0.033633,0.034724,0.043072,0.063023,0.052297,0.120293,0.137332,0.109087,0.058217,-0.016332,0.057695,0.040768,0.14063,0.18697,0.075055,0.034543,0.013774,0.242852,0.15523,0.196173,0.024258,0.033941,-0.029822,0.007277,-0.026278,-0.002949,0.010456,0.003078,0.051332,-0.010161,-0.000587,0.017798,0.009657,0.052347,0.036146,-0.004422,0.012856,0.003498,0.030492,0.027753,0.024888,0.029698,0.038317,0.015203,0.024786,0.031917,0.037211,0.045924,0.038265,0.014326,0.069205,0.052549,-0.010487,0.004644,-0.018026,0.008174,0.025422,0.015275,0.004555,0.01462,-0.025051,-0.030258,-0.017513,-0.016129,-0.028467,-0.021082,0.003705,0.008959,-0.00436,0.000699,0.016639,-0.01251,0.000702,0.032835,-0.005375,0.000306,-0.020861,-0.006388,0.007368,-0.001768,-0.025247,0.053362,-0.023346,-0.00813,-0.015877,0.015969,0.026106,0.038668,0.029708,0.027998,0.033202,0.020696,0.021248,0.005213,0.004661,0.005775,0.013652,0.037179,-0.000667,0.060041,0.03031,0.009158,0.012157,0.004339,0.022032,0.009418,0.088998,-0.006864,-0.007756,0.008018,0.090621,0.109994,0.079785
PLTR,0.035245,0.101784,0.116997,0.066347,0.069452,0.067958,0.158017,0.134512,0.221644,0.210604,0.1334,0.090533,0.069716,-0.030915,0.08344,0.109341,0.164556,0.196561,0.057331,0.132999,0.127496,0.15523,0.57836,0.235945,0.003961,0.025893,-0.037034,-0.002672,-0.021975,-0.023448,-0.006376,0.011813,0.004389,0.015443,-0.017617,-0.007672,-0.012991,0.080175,0.055062,0.001715,-0.02992,-0.007647,0.033199,0.047211,0.041382,0.080993,0.079537,0.031703,0.016577,0.025143,0.045801,0.05802,0.083017,-0.031181,0.041238,0.049159,-0.014637,-0.009956,-0.028722,-0.000731,0.037485,0.004889,-0.013246,0.020786,-0.040208,-0.03846,-0.042072,-0.025506,-0.046826,-0.011452,0.008516,0.009566,0.032517,-0.01287,0.04389,0.039905,0.049619,0.070393,0.034598,0.015326,-0.025266,-0.023978,0.052952,0.027351,0.00336,0.055929,-0.025546,-0.027557,-0.022083,0.035633,0.050981,0.081155,0.071608,0.055814,0.065025,0.05523,0.068457,0.004231,0.005976,0.006799,0.024746,0.041438,0.014523,0.122346,0.019186,0.048288,0.006251,0.002341,0.03483,0.012394,0.232464,0.033458,0.037396,0.085139,0.176207,0.231943,0.278269
SNOW,0.020642,0.102368,0.053614,0.022954,0.022579,0.028668,0.082322,0.080892,0.065202,0.192786,0.182181,0.134006,0.034725,-0.020982,0.08628,0.050385,0.209657,0.248775,0.028817,0.091697,0.049859,0.196173,0.235945,0.444756,0.00641,0.024733,-0.029233,-0.0174,-0.022414,-0.006561,0.001518,0.006256,0.048341,-0.004614,-0.019837,0.013405,0.001041,0.080242,0.048935,0.006685,0.006253,0.002159,0.056597,0.034145,0.032197,0.051032,0.069316,0.012671,0.033739,0.043848,0.055691,0.068889,0.055463,-0.006443,0.091773,0.088932,-0.028189,-0.001602,-0.037447,-0.002574,0.036466,0.023173,-0.007412,0.002114,-0.046334,-0.046581,-0.045486,-0.012527,-0.050579,-0.024763,-0.000614,0.006556,0.001292,0.002442,0.013129,0.004442,0.002488,0.049183,0.004611,0.001629,-0.027345,0.000485,-0.000759,0.023581,-0.00522,0.070231,-0.050966,-0.035216,-0.000514,0.018805,0.031641,0.049165,0.04205,0.035597,0.040513,0.029452,0.038716,0.007666,0.004242,0.005685,0.015176,0.051002,-0.005244,0.081732,0.02636,0.01811,0.0045,0.000159,0.027354,0.010389,0.150637,-0.002188,-0.002391,0.024147,0.110393,0.140771,0.137293
LLY,0.016574,-0.004948,-0.00332,0.040241,0.006227,-0.014428,0.022127,0.017319,0.001312,0.004024,0.005746,0.01828,0.05167,0.021153,0.00253,-0.00409,0.009148,0.01167,0.015285,0.01664,0.022315,0.024258,0.003961,0.00641,0.148071,0.008394,0.033723,0.03447,0.043384,0.056067,0.059001,0.065498,0.070566,0.023681,0.050333,0.03134,0.015849,0.035,0.032732,0.014388,0.017056,-0.001645,0.041118,0.021127,0.013278,0.020304,0.011035,0.00948,-0.000747,-0.010607,0.016551,0.008055,0.011788,0.020669,0.01599,0.01022,0.02817,0.036444,0.031048,0.013835,0.012283,0.008267,0.032392,0.011561,0.00741,0.013198,0.020264,0.025701,0.003266,-0.020215,-0.018905,-0.024139,0.016209,-0.013649,-0.015169,0.041351,0.048583,0.042654,0.020857,0.028471,0.01394,0.041603,0.049615,0.00547,0.006144,0.047552,0.006046,0.0137,0.02857,-9.8e-05,0.014999,0.013469,0.022236,0.016565,0.019022,0.033675,0.024516,0.005137,0.006702,0.008002,0.009614,0.014171,-0.0123,0.011093,0.116436,0.039592,0.018669,0.015428,0.025321,0.012663,0.035666,0.014289,0.016086,0.035237,0.051361,0.037786,0.052482
UNH,-0.007529,0.006969,0.003066,0.00809,0.005866,0.010011,0.010366,0.006283,0.02828,0.016804,0.013025,0.018418,0.015715,0.015591,0.010918,0.000524,0.025062,0.019611,0.02967,0.019161,0.006742,0.033941,0.025893,0.024733,0.008394,0.084739,-0.005031,0.004432,0.002516,0.004929,0.002306,0.010377,0.020763,0.004707,0.003528,-0.000493,0.009207,0.012003,0.013273,0.0011,0.069481,0.028833,0.004793,0.011461,0.009761,0.010543,0.012141,0.007512,0.012209,0.014698,0.01963,0.013638,0.013299,0.011393,0.015552,0.014281,0.001878,0.007171,0.002972,0.007813,0.014744,0.00832,0.006958,0.00304,-0.003876,-0.009332,0.003178,-0.005781,-0.002178,-0.002708,0.001172,0.007351,0.006647,0.006616,0.003781,-0.003921,0.009934,0.015139,-0.004288,0.001578,0.003513,0.007964,0.009329,-0.000958,-0.006321,0.014036,0.004246,-0.000911,0.008094,-0.000757,0.006887,0.007746,0.011748,0.007756,0.008845,0.004581,0.007937,0.002626,0.001808,0.001875,0.003346,0.014706,0.004041,0.010572,0.04231,0.01029,0.004871,0.005314,0.010024,0.005239,0.022042,0.004058,0.004646,0.006301,0.023958,0.02213,0.043674
JNJ,0.005809,-0.018046,-0.013886,0.007411,-0.011954,-0.010686,-0.005418,-0.013296,-0.01529,-0.035463,-0.035641,-0.021446,-0.006627,0.018821,-0.014631,-0.011308,-0.037976,-0.043675,-0.007038,-0.01105,0.003675,-0.029822,-0.037034,-0.029233,0.033723,-0.005031,0.070756,0.034445,0.041958,0.035641,0.056339,0.031059,0.035471,0.028545,0.035654,0.017847,0.021257,0.00382,0.003315,0.025085,0.011094,0.009911,0.024064,-0.000928,-0.00528,2.4e-05,-0.006336,-0.005597,0.003777,0.001268,0.005159,-0.011505,-0.005822,0.008644,-0.006901,-0.005626,0.0239,0.023817,0.033501,0.012732,0.004262,0.004724,0.024439,0.002287,0.021007,0.028824,0.024465,0.029568,0.020423,0.002918,-0.001965,-0.001003,0.009618,0.000344,-0.006789,0.028235,0.017139,0.013746,0.026403,0.019557,0.015768,0.026256,0.011139,0.015198,0.029209,0.000481,0.01102,0.011252,0.018117,0.004119,0.001867,-0.002959,0.004144,0.002144,0.002271,0.015184,0.011488,0.007647,0.005774,0.006805,0.003666,-0.000531,-0.000276,-0.011097,0.061219,0.020876,0.011964,0.013088,0.010641,0.007153,-0.005452,0.012607,0.014278,0.017783,0.005983,-0.008849,-0.007551
ABBV,0.002825,-0.007459,-0.004862,0.018422,0.001772,-0.000963,0.006776,0.005357,0.016637,-0.008288,-0.013876,0.006743,0.02756,0.017438,0.001724,0.020478,-0.011261,-0.006879,0.014034,0.008946,0.023409,0.007277,-0.002672,-0.0174,0.03447,0.004432,0.034445,0.1024,0.032624,0.043882,0.061315,0.0477,0.05832,0.017929,0.051647,0.028739,0.022641,0.003644,0.025138,0.014167,0.008473,0.010566,0.020465,0.002643,0.006361,0.003425,-0.001566,0.002804,0.016868,0.014738,0.005368,0.005414,0.004079,0.010504,0.007578,0.00594,0.022794,0.024406,0.034874,0.013826,0.012866,0.010222,0.02888,0.013035,0.01491,0.015738,0.019773,0.005647,0.022615,-0.004476,-0.00597,-0.008035,0.001837,-0.002335,0.008368,0.027981,0.022642,0.005516,0.020222,0.016558,0.011578,0.016597,0.015105,0.012389,0.010142,0.016488,0.010723,0.016264,0.017361,0.008014,0.008427,0.007694,0.010463,0.008817,0.010597,0.017801,0.014316,0.005298,0.004828,0.00568,0.005332,0.008451,0.000104,0.004179,0.075367,0.021449,0.014174,0.016554,0.016808,0.010597,0.007588,0.005401,0.006277,0.002246,0.028668,0.021874,0.032563
MRK,0.021906,-0.021229,-0.007239,0.006707,0.001427,0.006915,0.00567,-0.004491,-0.019736,-0.037926,-0.029401,-0.014577,-0.005057,0.02866,-0.008051,0.010561,-0.035716,-0.050746,0.024848,0.027327,0.03842,-0.026278,-0.021975,-0.022414,0.043384,0.002516,0.041958,0.032624,0.11169,0.04299,0.062162,0.052828,0.045881,0.038671,0.039986,0.034425,0.023618,0.017796,0.020366,0.035931,0.028393,0.020027,0.062473,0.013078,0.007336,0.01436,0.002055,0.004768,0.015229,0.017467,0.015545,-6.9e-05,0.009749,0.019521,-0.005339,0.000247,0.022871,0.037566,0.031414,0.017078,0.023493,0.017219,0.033071,0.019601,0.027412,0.0269,0.030787,0.029742,0.036761,0.000172,-0.003837,-0.002526,0.030383,-0.007758,-0.004022,0.047565,0.028821,0.023318,0.027614,0.030932,0.020821,0.036134,0.021911,0.014682,0.025374,0.028129,0.017379,0.014032,0.024737,-0.003042,0.01002,0.007376,0.019759,0.011341,0.012747,0.024704,0.023431,0.008203,0.006927,0.008218,0.008514,0.011961,-0.000871,0.001465,0.088651,0.037793,0.018008,0.021592,0.020929,0.012027,0.009101,0.009564,0.01071,0.015701,0.033799,0.019891,0.050968
AMGN,0.013968,-0.006609,0.005474,0.017575,0.004679,0.002776,0.009701,0.008971,-0.000266,-0.016846,-0.01301,0.002882,0.031112,0.022877,0.000906,0.012039,-0.006473,-0.019304,0.029691,0.016448,0.049735,-0.002949,-0.023448,-0.006561,0.056067,0.004929,0.035641,0.043882,0.04299,0.084972,0.067624,0.061495,0.064285,0.027169,0.057283,0.037571,0.033959,0.023974,0.027398,0.019738,0.017562,0.01501,0.055725,0.015165,0.011959,0.015562,0.01313,0.012345,0.0101,0.010779,0.017777,0.014418,0.018027,0.013586,0.014009,0.016419,0.016708,0.032612,0.03814,0.012231,0.021909,0.018952,0.031359,0.015419,0.015007,0.023241,0.020563,0.017399,0.014606,-0.00488,-0.005986,-0.006747,0.027197,-0.000536,-0.001577,0.040065,0.032901,0.027487,0.015918,0.02875,0.019369,0.035816,0.039657,0.000181,0.012032,0.041261,0.001562,0.010318,0.02418,0.008869,0.013037,0.012238,0.020596,0.014348,0.016517,0.026856,0.024871,0.004573,0.005102,0.006298,0.007624,0.016078,0.001112,0.009997,0.088592,0.037181,0.01819,0.019635,0.022548,0.012905,0.021466,0.01275,0.014337,0.022396,0.04445,0.03444,0.067727
GILD,0.028693,-0.004444,0.002605,0.025503,0.011864,0.010203,0.014025,0.020756,0.003929,-0.020978,-0.022927,-0.000984,0.010726,0.038748,0.007993,0.049172,-0.004085,-0.026121,0.011736,0.068431,0.069168,0.010456,-0.006376,0.001518,0.059001,0.002306,0.056339,0.061315,0.062162,0.067624,0.231361,0.081726,0.101942,0.037113,0.055429,0.034806,0.032271,0.027396,0.021385,0.026453,0.009565,0.026671,0.063735,0.016481,0.015099,0.013725,0.011802,0.008674,0.018177,0.018324,0.023385,0.014848,0.022123,0.015134,0.009708,0.004463,0.031842,0.04593,0.038176,0.026915,0.030129,0.014135,0.044346,0.016679,0.031123,0.031893,0.029197,0.039953,0.02562,0.00155,-0.009176,-0.004859,0.021734,-4.3e-05,0.001201,0.051748,0.045788,0.036455,0.038677,0.04246,0.019514,0.05174,0.06274,0.021509,0.024737,0.041287,0.016911,0.025049,0.038828,0.024656,0.019661,0.021311,0.025387,0.021038,0.024985,0.039337,0.035856,0.010951,0.009279,0.011098,0.012889,0.019434,0.00247,0.019089,0.11486,0.049957,0.025647,0.026693,0.03204,0.018965,0.025423,0.016017,0.017983,0.031133,0.067426,0.060402,0.09245
REGN,0.016435,-9.6e-05,0.015466,0.027309,0.008771,0.009049,0.025035,0.01677,-0.007971,-0.004641,-0.016226,-0.000409,0.026147,0.036027,0.00069,0.012119,0.006269,-0.014473,0.009894,0.037589,0.059983,0.003078,0.011813,0.006256,0.065498,0.010377,0.031059,0.0477,0.052828,0.061495,0.081726,0.181646,0.078826,0.042653,0.05899,0.040459,0.033188,0.036004,0.033396,0.032674,0.015231,0.014704,0.079284,0.023024,0.018619,0.033103,0.024532,0.017258,-0.003032,0.001454,0.025592,0.021935,0.030977,0.012698,0.014549,0.015505,0.021432,0.040435,0.032964,0.01075,0.003071,0.019407,0.041676,0.016864,0.009935,0.019864,0.023716,0.017993,0.007971,-0.012784,-0.014629,-0.012556,0.030845,-0.006231,-0.0049,0.043374,0.054224,0.039159,0.028791,0.023295,0.027562,0.035153,0.041835,0.000669,0.010976,0.030155,0.006442,0.015343,0.031977,-0.000297,0.017737,0.018003,0.030276,0.019719,0.022476,0.036827,0.033195,0.007538,0.007842,0.009178,0.01316,0.019604,-0.005367,0.016583,0.106849,0.045684,0.017969,0.021364,0.026696,0.014889,0.041527,0.01683,0.018888,0.032518,0.060471,0.050393,0.084376
VRTX,0.013394,0.009872,0.01504,0.029199,0.019825,0.020226,0.029948,0.006923,0.036344,0.003133,0.026088,0.032497,0.038579,0.029592,0.014302,0.03511,0.02814,0.021907,0.047131,0.043224,0.072755,0.051332,0.004389,0.048341,0.070566,0.020763,0.035471,0.05832,0.045881,0.064285,0.101942,0.078826,0.243246,0.023507,0.060517,0.036783,0.027641,0.041195,0.038705,0.021047,0.030917,0.005249,0.081681,0.023074,0.02684,0.02824,0.025617,0.014597,0.014092,0.020216,0.042041,0.021279,0.038118,0.012898,0.026607,0.028159,0.032401,0.057564,0.041092,0.021267,0.023001,0.02584,0.051229,0.007258,0.011282,0.013076,0.031361,0.015842,0.001237,-0.035205,-0.032138,-0.028392,0.027367,-0.02753,-0.015409,0.056609,0.043402,0.029073,0.021365,0.040498,0.011291,0.040894,0.05576,0.006038,0.009826,0.062187,-0.002101,0.004263,0.026275,0.005325,0.021572,0.025678,0.032097,0.023482,0.027476,0.039653,0.03989,0.011461,0.009887,0.011946,0.012333,0.026804,-0.019493,0.026356,0.114492,0.044785,0.020448,0.019242,0.029734,0.018202,0.05437,0.021668,0.024378,0.044899,0.074132,0.072894,0.105589
MDT,0.011173,-0.007546,0.005278,0.022036,0.005345,0.007619,0.008443,0.010539,0.010058,-0.010881,-0.012018,0.0009,0.020767,0.026395,-0.001752,0.007689,-0.007397,-0.011948,0.00721,0.033515,0.035644,-0.010161,0.015443,-0.004614,0.023681,0.004707,0.028545,0.017929,0.038671,0.027169,0.037113,0.042653,0.023507,0.068749,0.024983,0.017511,0.046558,0.029249,0.023334,0.033711,0.007999,0.018568,0.055343,0.012917,0.011859,0.026561,0.017975,0.010197,0.000868,0.005264,0.029817,0.012712,0.016981,0.004438,0.006617,0.013843,0.013656,0.026023,0.024458,0.00428,0.006301,0.007281,0.027319,0.003395,0.011448,0.017887,0.021341,0.022815,0.020945,0.000431,-0.001765,-0.0042,0.031849,-0.007175,-0.002968,0.032246,0.029372,0.029913,0.023969,0.022489,0.018925,0.026604,0.020308,0.011156,0.022189,0.032582,0.009614,0.011759,0.015344,0.007151,0.011921,0.011388,0.022798,0.013506,0.015095,0.026626,0.027185,0.007562,0.007514,0.008774,0.009944,0.013675,0.003211,0.010251,0.063832,0.03357,0.014991,0.015247,0.017552,0.010149,0.032431,0.014755,0.016751,0.017706,0.040447,0.031747,0.063649
BMY,0.007525,-0.013636,-0.008425,0.02548,0.001031,-0.011172,0.019967,-0.003278,0.009422,-0.023499,-0.009364,0.001438,0.036439,0.02285,0.009734,0.022304,-0.009466,-0.011336,0.01216,-0.002947,0.0351,-0.000587,-0.017617,-0.019837,0.050333,0.003528,0.035654,0.051647,0.039986,0.057283,0.055429,0.05899,0.060517,0.024983,0.097656,0.044469,0.031791,0.017201,0.027897,0.016336,0.010492,0.007641,0.057657,0.015918,0.012545,0.018262,0.012927,0.014295,0.005093,0.004028,0.015864,0.013872,0.019807,0.013731,0.010069,0.014511,0.024441,0.038356,0.040082,0.012313,0.006934,0.011383,0.041118,0.019454,0.016404,0.028354,0.023856,0.010498,0.016788,-0.01402,-0.009654,-0.008223,0.013472,-0.005652,0.002866,0.036966,0.035855,0.021944,0.025409,0.027971,0.018992,0.037459,0.030427,0.012193,0.01709,0.045304,0.007063,0.014448,0.016559,0.00534,0.010606,0.008279,0.019129,0.011916,0.013375,0.025939,0.021383,0.006284,0.005809,0.006737,0.006428,0.015123,-0.003892,0.003381,0.084295,0.037037,0.019685,0.021104,0.020145,0.01266,0.019629,0.010032,0.011517,0.007036,0.035987,0.023232,0.045664
PFE,0.010408,-0.001475,-0.000464,0.010427,0.003651,0.000893,0.014755,0.000748,-0.002583,0.002208,0.011788,0.021485,0.037365,0.010744,0.013506,0.013518,0.019559,0.016903,0.022147,0.006194,0.026,0.017798,-0.007672,0.013405,0.03134,-0.000493,0.017847,0.028739,0.034425,0.037571,0.034806,0.040459,0.036783,0.017511,0.044469,0.060565,0.021315,0.015318,0.033125,0.015036,0.013336,0.008986,0.063683,0.010704,0.01239,0.014915,0.011932,0.007926,0.007171,0.010103,0.01876,0.011078,0.015222,0.013839,0.014262,0.017052,0.006293,0.028772,0.02045,0.003573,0.013826,0.016329,0.026236,0.01348,0.007356,0.01574,0.014463,0.000932,0.013971,-0.001319,0.000245,0.001244,0.024056,0.002225,0.01216,0.019422,0.018721,0.016387,0.013756,0.022595,0.011587,0.015853,0.01891,0.010325,0.012679,0.043207,0.00079,0.008749,0.006802,-0.000872,0.009703,0.008912,0.015562,0.010835,0.01232,0.021747,0.017644,0.005068,0.004715,0.005442,0.005896,0.014726,0.003023,0.008845,0.058646,0.023986,0.016006,0.015903,0.016053,0.00954,0.018244,0.004108,0.004648,0.009873,0.033458,0.025421,0.0415
SYK,0.010012,0.002037,0.015469,0.019567,0.014655,0.015329,0.004069,0.010624,-0.015444,-0.024218,0.000832,0.016821,0.029061,0.025862,0.004404,0.005726,0.004036,0.003174,-0.004207,0.029301,0.036691,0.009657,-0.012991,0.001041,0.015849,0.009207,0.021257,0.022641,0.023618,0.033959,0.032271,0.033188,0.027641,0.046558,0.031791,0.021315,0.100109,0.045198,0.025938,0.042361,0.015656,0.026465,0.074148,0.020699,0.018715,0.029967,0.025634,0.020418,0.014862,0.027245,0.040456,0.024935,0.027898,0.016013,0.031126,0.033553,0.008036,0.043334,0.032298,0.00543,0.010591,0.013103,0.043276,0.008761,0.006672,0.009634,0.019603,0.016356,0.016211,-0.015488,-0.010967,-0.008391,0.011914,-0.013196,-0.013472,0.042735,0.019404,0.031845,0.025856,0.026855,0.020595,0.031679,0.023324,0.010656,0.020326,0.04486,0.00345,0.010662,0.013557,0.010333,0.015013,0.013473,0.019387,0.016004,0.018924,0.025977,0.023228,0.007761,0.006853,0.008316,0.009522,0.025655,-0.007946,0.012268,0.068306,0.038292,0.021786,0.014072,0.020937,0.013327,0.023131,0.002122,0.002519,-0.006173,0.050796,0.037719,0.057865
ISRG,0.03031,0.034422,0.040318,0.033574,0.03493,0.033546,0.052253,0.055661,0.04494,0.048181,0.043979,0.055013,0.052284,0.02038,0.02659,0.034668,0.063968,0.055688,0.018987,0.076784,0.086196,0.052347,0.080175,0.080242,0.035,0.012003,0.00382,0.003644,0.017796,0.023974,0.027396,0.036004,0.041195,0.029249,0.017201,0.015318,0.045198,0.120478,0.03514,0.023691,0.003835,0.00906,0.070551,0.029738,0.030428,0.04833,0.048046,0.019495,0.015244,0.022899,0.049748,0.043239,0.048577,0.01279,0.031252,0.037401,-0.003097,0.028957,0.012373,0.000526,0.026657,0.016652,0.027036,0.009139,-0.004129,-0.0116,0.006204,0.021122,-0.007288,-0.022072,-0.016937,-0.016036,0.030953,-0.018001,-0.005222,0.041364,0.027771,0.050698,0.012765,0.021905,0.006882,0.013544,0.039684,-0.008197,-0.005136,0.062786,-0.013986,-0.013468,0.005649,0.006023,0.027399,0.036726,0.033104,0.029408,0.03479,0.037379,0.04218,0.006378,0.00599,0.007292,0.013073,0.03277,-0.007652,0.047901,0.067205,0.03818,0.015441,0.009368,0.027174,0.012913,0.076783,0.011773,0.013078,0.031447,0.093705,0.103817,0.150236
TMO,0.015682,0.022721,0.021426,0.027342,0.025992,0.019266,0.037184,0.027456,0.037487,0.03444,0.04529,0.046432,0.053698,-0.018952,0.032247,0.030211,0.045308,0.073511,0.044597,0.039044,0.059684,0.036146,0.055062,0.048935,0.032732,0.013273,0.003315,0.025138,0.020366,0.027398,0.021385,0.033396,0.038705,0.023334,0.027897,0.033125,0.025938,0.03514,0.096659,0.019052,0.002287,0.007153,0.072863,0.023649,0.029975,0.038347,0.040803,0.016646,0.016934,0.022647,0.045751,0.043042,0.043151,0.009713,0.029878,0.038284,-0.002863,0.031417,0.006789,-0.002444,0.018903,0.026892,0.035879,0.014482,-0.007691,-0.000189,0.002323,-0.014019,-0.001299,-0.008641,-0.003588,-0.010525,0.037899,-0.010826,0.008027,0.028953,0.027012,0.018087,0.017789,0.025627,-0.007546,0.014824,0.024314,0.015344,0.011817,0.056647,-0.021712,-0.013369,-0.01106,-0.002506,0.020218,0.023357,0.031806,0.022293,0.025768,0.031447,0.031912,0.006353,0.006177,0.006945,0.011301,0.031067,-0.002079,0.031955,0.070103,0.030487,0.01193,0.010954,0.022627,0.01142,0.063969,0.009117,0.010279,0.035508,0.069825,0.066246,0.090911
ABT,0.016318,-0.006167,0.00568,0.009253,-0.006692,-0.001162,0.006322,-0.004952,-0.036529,-0.025508,-0.01341,-0.006493,0.003001,0.009394,0.000522,-0.000689,-0.006476,-0.015884,-0.015921,0.011565,0.020051,-0.004422,0.001715,0.006685,0.014388,0.0011,0.025085,0.014167,0.035931,0.019738,0.026453,0.032674,0.021047,0.033711,0.016336,0.015036,0.042361,0.023691,0.019052,0.08958,0.014302,0.015696,0.063315,0.008411,0.01261,0.019615,0.020326,0.00337,0.003587,0.009273,0.02289,0.006976,0.0205,0.017694,0.002283,0.012191,0.011771,0.027872,0.022486,0.006986,0.003451,0.012222,0.025898,0.008404,0.014671,0.012025,0.016959,0.018433,0.014853,-0.007149,-0.005803,-0.012353,0.015517,-0.01392,-0.010035,0.060908,0.012898,0.019251,0.019883,0.019332,0.013601,0.020077,0.008544,0.009449,0.017043,0.026827,-9.3e-05,0.007817,0.012771,0.00668,0.008055,0.004952,0.012739,0.008935,0.010311,0.019677,0.013492,0.007104,0.006466,0.007807,0.007854,0.014116,-0.006359,0.001913,0.057089,0.02761,0.018001,0.010905,0.013588,0.008344,0.017671,0.00356,0.004043,0.003817,0.027615,0.013534,0.008278
ELV,-0.004233,-0.009252,-0.00369,0.008329,0.003542,0.009102,0.003459,-0.001208,0.017123,-0.008632,-0.00579,0.001596,0.021349,0.040688,0.001448,0.009761,-0.009097,-0.024761,0.052234,0.028546,0.017774,0.012856,-0.02992,0.006253,0.017056,0.069481,0.011094,0.008473,0.028393,0.017562,0.009565,0.015231,0.030917,0.007999,0.010492,0.013336,0.015656,0.003835,0.002287,0.014302,0.138533,0.049608,0.014582,0.017778,0.013382,0.015731,0.01319,0.01508,0.019584,0.018888,0.022278,0.011839,0.015351,0.033714,0.013306,0.0184,0.009706,0.022248,0.012125,0.010919,0.023329,0.012616,0.017896,0.006935,0.003004,-0.000202,0.009046,0.005755,0.011029,-0.004856,-0.001902,0.002687,0.009153,-0.001309,0.004183,0.015895,0.023918,0.018671,-0.003116,0.004361,0.017543,0.02572,0.015338,-0.002634,-0.002578,0.025065,0.012907,0.009072,0.019368,-0.010045,0.007626,0.006814,0.012298,0.008429,0.009766,0.01146,0.011565,0.001605,0.000845,0.000969,0.002912,0.019982,1.9e-05,0.005982,0.059019,0.021654,0.008695,0.011345,0.014976,0.008253,0.006658,0.001018,0.001165,0.0032,0.026546,0.019366,0.058175
CI,0.001751,-0.002754,0.004755,-0.00659,0.000329,0.015775,0.003631,-0.00628,0.003332,-0.006892,-0.00864,-0.005263,0.008726,0.0204,-0.004019,0.026481,-0.006885,-0.023408,0.030601,0.009621,0.012785,0.003498,-0.007647,0.002159,-0.001645,0.028833,0.009911,0.010566,0.020027,0.01501,0.026671,0.014704,0.005249,0.018568,0.007641,0.008986,0.026465,0.00906,0.007153,0.015696,0.049608,0.0961,0.023151,0.015716,0.013053,0.011932,0.007785,0.020019,0.016179,0.017065,0.017433,0.012331,0.021408,0.015053,0.005094,0.01094,0.008191,0.015069,0.013357,0.009049,0.021821,0.008536,0.016139,0.008754,0.007738,0.007255,0.006385,0.010758,0.021535,0.014763,0.009367,0.015822,0.005658,0.006253,0.016213,0.010543,0.016963,0.022466,0.010733,0.010423,0.015229,0.02595,0.009718,0.016334,0.020057,0.020861,0.014543,0.018602,0.021353,0.003952,0.007605,0.005825,0.014088,0.008526,0.00968,0.01012,0.007013,0.003075,0.00121,0.00164,0.003302,0.017468,0.011769,0.005776,0.041772,0.02258,0.010978,0.013633,0.013026,0.007725,0.010297,-0.002061,-0.002166,-0.012135,0.026502,0.016649,0.033976
ZTS,0.041838,0.018188,0.031793,0.043755,0.041322,0.036338,0.055481,0.014033,0.006749,0.012297,0.041452,0.054258,0.087253,0.02663,0.043313,0.053299,0.061792,0.056537,0.038164,0.05873,0.086267,0.030492,0.033199,0.056597,0.041118,0.004793,0.024064,0.020465,0.062473,0.055725,0.063735,0.079284,0.081681,0.055343,0.057657,0.063683,0.074148,0.070551,0.072863,0.063315,0.014582,0.023151,0.317532,0.047747,0.050299,0.063184,0.061256,0.033515,0.026269,0.047244,0.082753,0.06096,0.069174,0.025977,0.051874,0.065055,0.010208,0.089057,0.041506,0.015599,0.039027,0.072753,0.085952,0.040674,0.018438,0.032866,0.046389,0.028222,0.046217,-0.011132,-0.007952,-0.017719,0.064477,-0.018658,-0.006808,0.085884,0.052684,0.065831,0.040177,0.061056,0.03844,0.046776,0.064257,0.014483,0.033903,0.130996,-0.005206,0.016892,0.026734,0.011504,0.03738,0.040224,0.055227,0.040788,0.047441,0.065336,0.06328,0.016378,0.015672,0.0187,0.022056,0.057279,-0.002955,0.043065,0.11757,0.080343,0.041853,0.033909,0.047006,0.026791,0.090593,0.016348,0.018273,0.029278,0.128204,0.113911,0.144751
JPM,0.022276,0.012543,0.02972,0.024116,0.025771,0.028094,0.030174,0.034306,0.035038,0.028634,0.017223,0.016223,0.040108,0.023131,0.03036,0.042926,0.011022,0.010276,0.036311,0.03529,0.061822,0.027753,0.047211,0.034145,0.021127,0.011461,-0.000928,0.002643,0.013078,0.015165,0.016481,0.023024,0.023074,0.012917,0.015918,0.010704,0.020699,0.029738,0.023649,0.008411,0.017778,0.015716,0.047747,0.069802,0.053386,0.065612,0.056747,0.051173,0.02139,0.03029,0.046851,0.048968,0.072712,0.023352,0.020629,0.023079,0.005514,0.029825,0.005403,0.002424,0.022554,0.021429,0.030332,0.020121,-0.002957,0.001113,-0.00084,0.004731,-0.003074,-0.006433,-0.000532,0.004594,0.022171,-0.007318,0.004769,0.04925,0.048026,0.031356,0.023437,0.025207,0.022329,0.032633,0.057357,0.009095,0.010871,0.062324,-0.002508,0.001685,0.012011,0.008131,0.023077,0.025475,0.035646,0.025277,0.02926,0.031143,0.029986,0.000521,0.001635,0.002497,0.011026,0.047314,0.003417,0.033859,0.039038,0.050603,0.017171,0.013701,0.028549,0.01405,0.056777,0.007422,0.008292,0.018144,0.079334,0.072231,0.118122
BAC,0.030216,0.016673,0.030161,0.025134,0.028267,0.033459,0.037848,0.033929,0.029583,0.025838,0.016865,0.021963,0.038117,0.019104,0.031179,0.047076,0.022389,0.01841,0.044879,0.039728,0.061986,0.024888,0.041382,0.032197,0.013278,0.009761,-0.00528,0.006361,0.007336,0.011959,0.015099,0.018619,0.02684,0.011859,0.012545,0.01239,0.018715,0.030428,0.029975,0.01261,0.013382,0.013053,0.050299,0.053386,0.073712,0.062949,0.067858,0.057953,0.023954,0.035474,0.053253,0.059085,0.083469,0.020144,0.022355,0.029367,0.0064,0.029261,0.006192,0.001795,0.027045,0.024168,0.028494,0.025037,-0.003378,-0.002949,-0.000214,-0.003431,-0.005473,-0.011246,-0.008046,-0.003878,0.028972,-0.015413,0.008793,0.052504,0.039072,0.032873,0.016468,0.026427,0.017707,0.020026,0.048631,0.007728,0.005983,0.057552,-0.009749,-0.008437,0.007672,0.004841,0.02363,0.026961,0.036129,0.02567,0.030005,0.028467,0.026757,-0.001578,0.000644,0.001054,0.011339,0.049846,-0.000622,0.035175,0.034052,0.045077,0.01613,0.012912,0.027259,0.013299,0.059028,0.004776,0.005356,0.01073,0.081348,0.076753,0.116691
GS,0.039436,0.021311,0.062948,0.040872,0.035738,0.042794,0.054432,0.065008,0.097819,0.0464,0.016236,0.012147,0.057152,0.035277,0.031253,0.058372,0.001293,0.01243,0.06797,0.092439,0.126976,0.029698,0.080993,0.051032,0.020304,0.010543,2.4e-05,0.003425,0.01436,0.015562,0.013725,0.033103,0.02824,0.026561,0.018262,0.014915,0.029967,0.04833,0.038347,0.019615,0.015731,0.011932,0.063184,0.065612,0.062949,0.124327,0.093184,0.056213,0.01719,0.026378,0.081441,0.065004,0.100934,0.009132,0.024851,0.037659,0.008575,0.041654,1.8e-05,0.001094,0.024479,0.025213,0.045541,0.031635,-0.008792,-0.003735,0.000844,0.00455,-0.004579,-0.027882,-0.022782,-0.022314,0.039293,-0.033517,-0.012914,0.071193,0.076925,0.05328,0.029306,0.033455,0.023564,0.031962,0.082755,0.005534,0.004193,0.07688,-0.009153,-0.01171,0.01389,-0.005507,0.035395,0.044067,0.057144,0.038675,0.044994,0.049444,0.055252,0.004734,0.005342,0.00709,0.017831,0.055648,-0.013352,0.06102,0.051967,0.071316,0.022409,0.013912,0.038488,0.017825,0.099587,0.015903,0.017872,0.038071,0.121373,0.125251,0.230511
MS,0.037139,0.029512,0.04871,0.03991,0.035256,0.037945,0.05996,0.061275,0.07306,0.05799,0.031905,0.030174,0.056281,0.022124,0.03769,0.057675,0.030864,0.03773,0.05628,0.076511,0.111207,0.038317,0.079537,0.069316,0.011035,0.012141,-0.006336,-0.001566,0.002055,0.01313,0.011802,0.024532,0.025617,0.017975,0.012927,0.011932,0.025634,0.048046,0.040803,0.020326,0.01319,0.007785,0.061256,0.056747,0.067858,0.093184,0.104006,0.054256,0.018356,0.028313,0.075438,0.064389,0.09678,0.009746,0.036933,0.047784,0.001418,0.030724,-0.000299,0.001609,0.01988,0.028291,0.032753,0.025873,-0.011854,-0.008213,-0.008337,0.001964,-0.013792,-0.019735,-0.012949,-0.008786,0.038197,-0.021457,-0.000809,0.062939,0.056268,0.045036,0.02059,0.024131,0.01576,0.021763,0.067412,0.007826,0.004025,0.067891,-0.018088,-0.013929,0.005459,0.008083,0.031858,0.040206,0.04819,0.034651,0.040524,0.038604,0.04339,-0.001041,0.001296,0.002087,0.014104,0.055518,-0.005062,0.05523,0.039956,0.056142,0.016514,0.012738,0.033699,0.015008,0.092115,0.007382,0.008216,0.023455,0.109576,0.114208,0.187825
WFC,0.023105,0.008175,0.021647,0.015413,0.020643,0.026291,0.021514,0.022666,0.028971,0.011952,0.011221,0.01702,0.032105,0.021662,0.023664,0.045521,0.012118,0.003768,0.03856,0.02119,0.058526,0.015203,0.031703,0.012671,0.00948,0.007512,-0.005597,0.002804,0.004768,0.012345,0.008674,0.017258,0.014597,0.010197,0.014295,0.007926,0.020418,0.019495,0.016646,0.00337,0.01508,0.020019,0.033515,0.051173,0.057953,0.056213,0.054256,0.073712,0.016649,0.026969,0.0432,0.046025,0.067468,0.017009,0.024248,0.025167,0.00598,0.023484,0.005463,0.00192,0.016135,0.013116,0.023836,0.018028,-0.001312,-0.002307,-0.002454,0.002562,0.001362,-0.001341,0.003669,0.010282,0.022669,-0.00046,0.008628,0.042196,0.043051,0.029133,0.016746,0.021327,0.019967,0.026154,0.045955,0.010902,0.008595,0.039001,-0.003392,-0.00342,0.012723,6.9e-05,0.018562,0.020044,0.030626,0.020346,0.023466,0.022922,0.019189,-0.003468,-0.000992,-0.0007,0.008668,0.042975,0.007504,0.02725,0.024625,0.042917,0.012531,0.012458,0.023198,0.012178,0.043151,0.001804,0.002102,0.00369,0.063562,0.056936,0.097661
V,0.016273,0.013286,0.004941,0.007122,0.020294,0.022203,0.010591,0.013045,0.01658,-0.001058,0.02568,0.033643,0.024007,0.010793,0.019782,0.02736,0.032065,0.025295,0.03637,0.018547,0.014775,0.024786,0.016577,0.033739,-0.000747,0.012209,0.003777,0.016868,0.015229,0.0101,0.018177,-0.003032,0.014092,0.000868,0.005093,0.007171,0.014862,0.015244,0.016934,0.003587,0.019584,0.016179,0.026269,0.02139,0.023954,0.01719,0.018356,0.016649,0.052075,0.05501,0.021865,0.030436,0.028444,0.017131,0.023834,0.025937,0.004321,0.013997,0.012165,0.008709,0.034557,0.018692,0.008741,0.009611,0.00303,-0.003643,0.002994,0.002359,0.009727,0.000145,-0.001876,0.004548,0.00671,-0.005932,0.01241,0.010587,0.003342,0.004401,0.005059,0.011255,0.004616,0.005271,0.008516,-0.001643,0.000996,0.025014,-0.001295,-0.005384,0.002608,0.01275,0.0123,0.015474,0.013533,0.012927,0.015664,0.010839,0.011868,0.001594,0.000295,0.000483,0.004227,0.03036,0.001122,0.018467,0.0244,0.014935,0.006511,0.007342,0.016442,0.008234,0.017401,-0.003027,-0.003385,0.005807,0.042484,0.044247,0.051727
MA,0.020131,0.019842,0.011701,0.002973,0.027202,0.042435,0.011471,0.005704,-0.001764,0.006468,0.03894,0.048092,0.013818,0.00819,0.035292,0.026567,0.052896,0.040919,0.030031,0.01111,0.007735,0.031917,0.025143,0.043848,-0.010607,0.014698,0.001268,0.014738,0.017467,0.010779,0.018324,0.001454,0.020216,0.005264,0.004028,0.010103,0.027245,0.022899,0.022647,0.009273,0.018888,0.017065,0.047244,0.03029,0.035474,0.026378,0.028313,0.026969,0.05501,0.080372,0.030201,0.041889,0.04226,0.024898,0.036351,0.036687,0.001312,0.023711,0.016067,0.006375,0.033783,0.030392,0.019255,0.015384,0.004055,-0.005172,0.007063,0.001696,0.006464,-0.002767,-0.003347,0.005165,0.005612,-0.009553,0.006306,0.015721,-0.00609,0.008799,0.007581,0.01834,0.008039,0.000388,0.001775,-0.000397,0.001956,0.037633,0.001044,-0.003706,0.006832,0.01448,0.015272,0.017373,0.016712,0.015951,0.019319,0.012599,0.013216,0.003634,0.00184,0.002213,0.006338,0.042338,-0.00215,0.020124,0.026183,0.01697,0.009089,0.008504,0.019534,0.010827,0.023659,-0.006716,-0.007547,-0.001642,0.052496,0.049577,0.034915
BLK,0.03195,0.02203,0.047461,0.042951,0.042345,0.0418,0.052747,0.050952,0.072432,0.044134,0.020789,0.030839,0.063174,0.033246,0.030922,0.052065,0.023012,0.024625,0.050586,0.088292,0.116056,0.037211,0.045801,0.055691,0.016551,0.01963,0.005159,0.005368,0.015545,0.017777,0.023385,0.025592,0.042041,0.029817,0.015864,0.01876,0.040456,0.049748,0.045751,0.02289,0.022278,0.017433,0.082753,0.046851,0.053253,0.081441,0.075438,0.0432,0.021865,0.030201,0.11813,0.061589,0.082041,0.012742,0.04549,0.047992,0.008149,0.050599,0.010296,0.002783,0.030084,0.040255,0.050829,0.024427,-0.00788,-0.005156,0.007952,0.017233,0.005558,-0.017302,-0.007599,-0.008307,0.046423,-0.015291,0.000997,0.055371,0.066094,0.04176,0.016453,0.038043,0.025311,0.034679,0.072151,0.007384,0.004986,0.080514,-0.006056,-0.009857,0.01191,0.005242,0.033855,0.041121,0.053399,0.037012,0.043109,0.046777,0.050295,0.008198,0.007462,0.009066,0.018083,0.053385,-0.002265,0.053315,0.058915,0.065055,0.028588,0.018019,0.037431,0.019057,0.090973,0.009076,0.010287,0.031006,0.116698,0.117035,0.206501
AXP,0.029351,0.02453,0.028865,0.029553,0.029694,0.033388,0.044522,0.037163,0.032399,0.038617,0.042025,0.044459,0.055012,0.010131,0.045679,0.041131,0.03935,0.055926,0.028228,0.041053,0.054758,0.045924,0.05802,0.068889,0.008055,0.013638,-0.011505,0.005414,-6.9e-05,0.014418,0.014848,0.021935,0.021279,0.012712,0.013872,0.011078,0.024935,0.043239,0.043042,0.006976,0.011839,0.012331,0.06096,0.048968,0.059085,0.065004,0.064389,0.046025,0.030436,0.041889,0.061589,0.093391,0.076726,0.019272,0.033266,0.038927,-0.002744,0.032333,0.006387,0.000178,0.032707,0.038529,0.03742,0.022403,-0.008684,-0.007158,-0.002631,0.001425,-0.013641,-0.008931,-0.001226,-0.00081,0.02925,-0.010315,0.017259,0.031722,0.036515,0.028193,0.011643,0.02695,0.013237,0.027741,0.041282,0.000457,-0.004256,0.069124,-0.017663,-0.011563,0.008179,-0.00236,0.025247,0.02896,0.040077,0.027737,0.031932,0.030488,0.030383,0.003092,0.003147,0.003851,0.013225,0.05392,0.003778,0.038671,0.036914,0.042255,0.016661,0.013607,0.02806,0.013755,0.069452,-0.001169,-0.001304,0.00536,0.086297,0.082241,0.110498
C,0.041314,0.030288,0.06371,0.036851,0.040843,0.05422,0.065063,0.059817,0.065909,0.050017,0.022739,0.01923,0.050765,0.027213,0.03811,0.079413,0.02756,0.019454,0.070212,0.075417,0.117509,0.038265,0.083017,0.055463,0.011788,0.013299,-0.005822,0.004079,0.009749,0.018027,0.022123,0.030977,0.038118,0.016981,0.019807,0.015222,0.027898,0.048577,0.043151,0.0205,0.015351,0.021408,0.069174,0.072712,0.083469,0.100934,0.09678,0.067468,0.028444,0.04226,0.082041,0.076726,0.135571,0.018511,0.029306,0.039707,0.003311,0.042992,0.006975,-0.002369,0.034854,0.03278,0.043093,0.032784,-0.008505,-0.008197,-0.003716,-0.006485,-0.012982,-0.024467,-0.018074,-0.016621,0.03825,-0.038696,-0.001634,0.082891,0.059969,0.049264,0.030147,0.037203,0.0219,0.026593,0.074301,0.007912,0.010201,0.083472,-0.018347,-0.016928,0.007752,0.007811,0.036613,0.044796,0.055938,0.03978,0.0466,0.045896,0.047389,0.001719,0.002602,0.003709,0.017214,0.066317,-0.010438,0.060876,0.047845,0.06951,0.022892,0.014989,0.03903,0.018911,0.095915,0.00871,0.00975,0.021567,0.126102,0.127403,0.208884
BRK-B,0.013223,-0.001894,-0.013221,0.002674,0.009589,0.008699,0.004306,-0.007174,-0.031224,-0.022898,0.00725,0.017114,0.007246,0.015319,0.012107,0.001332,0.007706,-0.002008,0.004063,-0.018695,-0.02216,0.014326,-0.031181,-0.006443,0.020669,0.011393,0.008644,0.010504,0.019521,0.013586,0.015134,0.012698,0.012898,0.004438,0.013731,0.013839,0.016013,0.01279,0.009713,0.017694,0.033714,0.015053,0.025977,0.023352,0.020144,0.009132,0.009746,0.017009,0.017131,0.024898,0.012742,0.019272,0.018511,0.067444,0.011578,0.013141,0.008942,0.026055,0.024446,0.009225,0.015969,0.02188,0.026872,0.009048,0.012887,0.0119,0.017867,0.009478,0.011721,0.004196,0.007233,0.002231,0.004227,-0.002536,0.001553,0.016493,0.001877,0.009436,0.003438,0.008926,0.019213,0.012961,0.007079,-0.008884,-0.000754,0.025359,0.014416,0.016462,0.023617,0.008737,0.006597,0.002199,0.006033,0.006937,0.00826,0.009023,0.001496,0.004069,0.003169,0.003753,0.004489,0.025714,0.004173,-0.003325,0.03544,0.015323,0.014233,0.01156,0.01339,0.008858,-0.002031,-0.005786,-0.006565,-0.005965,0.022647,0.005849,-0.025145
SPGI,0.009946,0.032718,0.006404,0.019719,0.02574,0.023467,0.012366,0.010821,0.013017,0.045379,0.079579,0.083176,0.030106,-0.003232,0.048955,0.008975,0.107049,0.096708,0.006103,0.006433,0.008502,0.069205,0.041238,0.091773,0.01599,0.015552,-0.006901,0.007578,-0.005339,0.014009,0.009708,0.014549,0.026607,0.006617,0.010069,0.014262,0.031126,0.031252,0.029878,0.002283,0.013306,0.005094,0.051874,0.020629,0.022355,0.024851,0.036933,0.024248,0.023834,0.036351,0.04549,0.033266,0.029306,0.011578,0.12215,0.097666,0.00121,0.018177,0.012773,0.017589,0.016574,0.018899,0.014287,0.012275,-0.004908,-0.015992,-0.003999,0.007485,-0.000394,-0.014472,9e-05,0.006704,0.005931,0.000203,-0.005205,0.002837,-0.008067,0.022675,0.007469,0.008948,-0.002912,-0.004819,-0.011602,0.019506,0.005278,0.039154,-0.007109,-0.009221,0.001931,0.01658,0.015515,0.0188,0.017065,0.016737,0.019778,0.01485,0.012926,0.005063,0.004458,0.005408,0.00839,0.037886,-0.004991,0.024164,0.034511,0.014465,0.011947,0.006173,0.018542,0.00973,0.046654,-0.009638,-0.010659,-0.001835,0.053453,0.053337,0.019175
MCO,0.015961,0.028789,0.014613,0.022727,0.029855,0.024891,0.027523,0.016884,0.03309,0.042316,0.070194,0.072826,0.040439,-0.001286,0.045625,0.022666,0.093359,0.091313,0.024704,0.032264,0.03563,0.052549,0.049159,0.088932,0.01022,0.014281,-0.005626,0.00594,0.000247,0.016419,0.004463,0.015505,0.028159,0.013843,0.014511,0.017052,0.033553,0.037401,0.038284,0.012191,0.0184,0.01094,0.065055,0.023079,0.029367,0.037659,0.047784,0.025167,0.025937,0.036687,0.047992,0.038927,0.039707,0.013141,0.097666,0.099666,0.00286,0.024693,0.010102,0.013977,0.018286,0.022275,0.021332,0.016131,-0.003961,-0.009338,2.4e-05,0.004206,0.004034,-0.01492,-0.005833,-0.003259,0.019139,-0.007191,-0.005237,0.019111,0.001834,0.028991,0.009008,0.014,-0.002135,-0.001375,-0.002126,0.014301,0.006158,0.048753,-0.012643,-0.01106,-0.00059,0.017184,0.019084,0.024566,0.023145,0.020649,0.024342,0.021993,0.022597,0.005622,0.004977,0.006021,0.009975,0.040022,-0.005632,0.031411,0.039347,0.022263,0.011137,0.007924,0.021303,0.010853,0.057243,-0.00538,-0.005945,0.001733,0.065803,0.069755,0.061708
WMT,0.009121,-0.010575,-0.012453,0.008815,-8.5e-05,-0.003715,0.004278,-0.005373,0.011948,-0.022872,-0.028547,-0.013303,0.004034,0.022288,-0.00453,0.009649,-0.02706,-0.025233,0.001341,0.001545,0.020896,-0.010487,-0.014637,-0.028189,0.02817,0.001878,0.0239,0.022794,0.022871,0.016708,0.031842,0.021432,0.032401,0.013656,0.024441,0.006293,0.008036,-0.003097,-0.002863,0.011771,0.009706,0.008191,0.010208,0.005514,0.0064,0.008575,0.001418,0.00598,0.004321,0.001312,0.008149,-0.002744,0.003311,0.008942,0.00121,0.00286,0.065792,0.039045,0.034095,0.036711,0.009942,0.007942,0.037149,0.024174,0.018074,0.023172,0.022701,0.02703,0.023538,-0.001745,-0.007939,-0.003757,0.012889,-0.007693,-0.002956,0.021872,0.0352,0.023817,0.013864,0.019614,0.014367,0.028657,0.032339,0.012156,0.00855,0.006613,0.015461,0.013796,0.015744,-0.001426,0.00612,0.004758,0.010687,0.006748,0.007621,0.014576,0.011677,0.004043,0.003103,0.00392,0.00504,0.005836,-0.002367,-0.000258,0.037325,0.026747,0.012435,0.012583,0.014883,0.0084,0.002989,0.004887,0.005506,0.007392,0.019938,0.012417,0.025136
HD,0.024611,0.002596,0.00694,0.028688,0.030529,0.021453,0.032847,0.012925,0.009582,-0.002204,-0.005413,0.018294,0.033565,0.035351,0.015109,0.031306,-0.005302,0.003599,0.024014,0.025778,0.060896,0.004644,-0.009956,-0.001602,0.036444,0.007171,0.023817,0.024406,0.037566,0.032612,0.04593,0.040435,0.057564,0.026023,0.038356,0.028772,0.043334,0.028957,0.031417,0.027872,0.022248,0.015069,0.089057,0.029825,0.029261,0.041654,0.030724,0.023484,0.013997,0.023711,0.050599,0.032333,0.042992,0.026055,0.018177,0.024693,0.039045,0.111289,0.043725,0.022845,0.031146,0.040803,0.106721,0.036685,0.018283,0.024345,0.033371,0.022173,0.030646,-0.01912,-0.017492,-0.025819,0.043339,-0.024406,-0.014629,0.065612,0.05123,0.050051,0.023372,0.044195,0.03285,0.049265,0.060686,0.009162,0.010123,0.070161,0.006519,0.013447,0.031876,-0.004283,0.023006,0.023271,0.036897,0.025356,0.029274,0.045963,0.044087,0.012653,0.010669,0.012845,0.01461,0.031898,-0.01342,0.021655,0.074092,0.062734,0.031656,0.023597,0.03338,0.019883,0.038516,0.011712,0.013163,0.027616,0.078377,0.065533,0.101646
MCD,0.011544,-0.006405,-0.018493,0.012402,0.00291,0.002993,0.004229,-0.013717,-0.026076,-0.035101,-0.014063,0.013327,0.014254,0.022435,0.003265,-0.008444,0.002025,-0.011303,-0.034154,-0.035923,-0.00237,-0.018026,-0.028722,-0.037447,0.031048,0.002972,0.033501,0.034874,0.031414,0.03814,0.038176,0.032964,0.041092,0.024458,0.040082,0.02045,0.032298,0.012373,0.006789,0.022486,0.012125,0.013357,0.041506,0.005403,0.006192,1.8e-05,-0.000299,0.005463,0.012165,0.016067,0.010296,0.006387,0.006975,0.024446,0.012773,0.010102,0.034095,0.043725,0.085556,0.02447,0.018058,0.020003,0.04135,0.015287,0.02836,0.030408,0.032283,0.036654,0.027822,0.004586,-0.006313,-0.003006,0.01162,-0.009846,-0.01266,0.026641,0.010616,0.019899,0.018444,0.024265,0.022483,0.02394,0.014494,0.010962,0.017275,0.020936,0.021492,0.016825,0.025667,0.006177,0.006755,0.002604,0.008428,0.007244,0.008538,0.018536,0.011691,0.008234,0.006834,0.007952,0.005293,0.012216,-0.001931,-0.0075,0.057512,0.02297,0.020115,0.016155,0.016885,0.011664,0.002927,0.008878,0.010058,0.011392,0.022963,0.00681,-0.017147
COST,0.005138,-0.003908,-0.01514,0.003611,0.001998,-0.004807,-0.00169,-0.007658,0.009778,-0.024873,-0.007155,0.00459,0.006983,0.01552,0.002763,0.011048,-0.002515,0.00011,0.004583,-0.006851,0.016155,0.008174,-0.000731,-0.002574,0.013835,0.007813,0.012732,0.013826,0.017078,0.012231,0.026915,0.01075,0.021267,0.00428,0.012313,0.003573,0.00543,0.000526,-0.002444,0.006986,0.010919,0.009049,0.015599,0.002424,0.001795,0.001094,0.001609,0.00192,0.008709,0.006375,0.002783,0.000178,-0.002369,0.009225,0.017589,0.013977,0.036711,0.022845,0.02447,0.052808,0.011187,0.008957,0.020634,0.02056,0.014397,0.013122,0.016121,0.017425,0.018392,0.001848,-0.001994,0.000786,0.007356,0.001725,0.007482,0.004413,0.013033,0.015904,0.006204,0.012905,0.008684,0.018823,0.012066,0.013281,0.010401,0.003599,0.008989,0.00721,0.010582,0.00534,0.003906,0.004028,0.006277,0.004309,0.004861,0.00625,0.004425,0.003081,0.001933,0.002539,0.002678,0.006888,0.001953,-0.000428,0.02553,0.014107,0.008855,0.010094,0.010993,0.005728,-0.001228,0.002528,0.002804,0.004485,0.012647,0.010712,0.010689
SBUX,0.02364,0.015463,0.016184,0.01837,0.027207,0.024095,0.021884,0.032002,0.034812,0.016365,0.014673,0.026198,0.033456,0.02314,0.013037,0.042643,0.02032,0.011886,0.064971,0.050064,0.05117,0.025422,0.037485,0.036466,0.012283,0.014744,0.004262,0.012866,0.023493,0.021909,0.030129,0.003071,0.023001,0.006301,0.006934,0.013826,0.010591,0.026657,0.018903,0.003451,0.023329,0.021821,0.039027,0.022554,0.027045,0.024479,0.01988,0.016135,0.034557,0.033783,0.030084,0.032707,0.034854,0.015969,0.016574,0.018286,0.009942,0.031146,0.018058,0.011187,0.085264,0.024166,0.027894,0.027049,0.009787,0.007989,0.005886,0.002688,0.01871,0.005534,0.003481,0.01142,0.033861,0.006188,0.023513,0.02574,0.025261,0.026771,0.006454,0.019993,0.013495,0.025664,0.034696,-0.00062,0.000906,0.046548,-0.002143,-0.002625,0.011449,0.003348,0.0192,0.024834,0.026395,0.020715,0.024332,0.025882,0.029806,0.002907,0.002097,0.002681,0.009765,0.026944,0.011167,0.031336,0.037916,0.033407,0.015194,0.015611,0.023567,0.012595,0.038958,0.007719,0.00864,0.02716,0.066115,0.071084,0.118654
NKE,0.022169,0.01504,0.011084,0.003793,0.018263,0.020312,0.027828,0.003544,-0.001327,0.023404,0.025515,0.030527,0.043958,0.013987,0.02436,0.020579,0.032082,0.03379,-0.003471,-0.00664,0.029914,0.015275,0.004889,0.023173,0.008267,0.00832,0.004724,0.010222,0.017219,0.018952,0.014135,0.019407,0.02584,0.007281,0.011383,0.016329,0.013103,0.016652,0.026892,0.012222,0.012616,0.008536,0.072753,0.021429,0.024168,0.025213,0.028291,0.013116,0.018692,0.030392,0.040255,0.038529,0.03278,0.02188,0.018899,0.022275,0.007942,0.040803,0.020003,0.008957,0.024166,0.134836,0.043647,0.038527,0.002899,0.010214,0.013799,0.014796,0.009567,0.026405,0.021399,0.015178,0.046944,0.017224,0.035922,0.012988,0.015611,0.010149,0.000747,0.023254,0.016568,0.022529,0.024928,-0.006948,-0.00541,0.057564,0.003296,0.006957,0.020868,0.003861,0.015198,0.014768,0.026162,0.016793,0.018926,0.016534,0.020829,0.004217,0.004264,0.004993,0.009186,0.029026,0.024571,0.016714,0.032563,0.025276,0.017559,0.017787,0.020918,0.011146,0.036749,0.000185,0.000206,0.016798,0.051365,0.04165,0.047769
LOW,0.021947,-0.003295,0.009455,0.028773,0.025705,0.018359,0.029826,0.016534,0.013007,0.001979,-0.009768,0.011127,0.033978,0.036629,0.016795,0.0341,-0.01683,-0.003376,0.01956,0.011078,0.059031,0.004555,-0.013246,-0.007412,0.032392,0.006958,0.024439,0.02888,0.033071,0.031359,0.044346,0.041676,0.051229,0.027319,0.041118,0.026236,0.043276,0.027036,0.035879,0.025898,0.017896,0.016139,0.085952,0.030332,0.028494,0.045541,0.032753,0.023836,0.008741,0.019255,0.050829,0.03742,0.043093,0.026872,0.014287,0.021332,0.037149,0.106721,0.04135,0.020634,0.027894,0.043647,0.126096,0.037292,0.017183,0.023708,0.033082,0.018615,0.030216,-0.015304,-0.010923,-0.019775,0.04716,-0.018429,-0.011101,0.064202,0.056449,0.046149,0.024126,0.043021,0.037395,0.056144,0.06134,0.009903,0.012237,0.068025,0.005388,0.01434,0.033738,-0.014092,0.022193,0.020944,0.038567,0.024771,0.028225,0.043712,0.042561,0.014143,0.011452,0.013692,0.015062,0.031352,-0.007684,0.019731,0.072969,0.06495,0.03172,0.025345,0.033591,0.020083,0.037676,0.009881,0.011108,0.023868,0.075843,0.059322,0.098694
TGT,0.020356,0.007383,0.008892,0.004485,0.014834,0.008944,0.022904,0.008812,0.023189,-0.001984,0.002977,0.014095,0.034535,0.01699,0.014429,0.036145,0.005882,0.00947,0.013746,0.013912,0.039355,0.01462,0.020786,0.002114,0.011561,0.00304,0.002287,0.013035,0.019601,0.015419,0.016679,0.016864,0.007258,0.003395,0.019454,0.01348,0.008761,0.009139,0.014482,0.008404,0.006935,0.008754,0.040674,0.020121,0.025037,0.031635,0.025873,0.018028,0.009611,0.015384,0.024427,0.022403,0.032784,0.009048,0.012275,0.016131,0.024174,0.036685,0.015287,0.02056,0.027049,0.038527,0.037292,0.084042,0.006981,0.013552,0.009832,-0.009162,0.012801,-0.000215,-0.001096,0.007497,0.029915,0.003142,0.016494,0.018963,0.02759,0.023279,0.00457,0.023042,0.013484,0.02328,0.036891,0.001411,-0.003795,0.033382,0.008685,0.012942,0.01453,0.000755,0.01329,0.014611,0.02416,0.014722,0.016717,0.014929,0.013912,-0.001656,7.9e-05,0.000348,0.006571,0.021362,0.005152,0.0169,0.026419,0.030753,0.016118,0.016414,0.0186,0.008927,0.029566,-0.003447,-0.004015,0.006216,0.044785,0.041233,0.062645
KO,0.007689,-0.012454,-0.015398,-0.002127,-0.003926,-0.004707,-0.012653,-0.021844,-0.017134,-0.038161,-0.024637,-0.009813,-0.005291,0.014649,-0.008016,-0.003814,-0.021339,-0.035968,0.005662,-0.012509,-0.013547,-0.025051,-0.040208,-0.046334,0.00741,-0.003876,0.021007,0.01491,0.027412,0.015007,0.031123,0.009935,0.011282,0.011448,0.016404,0.007356,0.006672,-0.004129,-0.007691,0.014671,0.003004,0.007738,0.018438,-0.002957,-0.003378,-0.008792,-0.011854,-0.001312,0.00303,0.004055,-0.00788,-0.008684,-0.008505,0.012887,-0.004908,-0.003961,0.018074,0.018283,0.02836,0.014397,0.009787,0.002899,0.017183,0.006981,0.039482,0.028318,0.02669,0.023824,0.0328,0.009413,0.003261,0.000482,0.010421,0.003145,-0.006202,0.01596,-0.001537,0.003981,0.010635,0.011227,0.012432,0.009351,0.005332,6.6e-05,0.00681,0.003549,0.015242,0.012765,0.008722,0.002619,-0.00047,-0.003978,-0.001928,-0.000738,-0.000607,0.007218,0.005002,0.004358,0.00347,0.004031,0.001648,-0.001204,0.004666,-0.011269,0.021649,0.008015,0.010755,0.010273,0.004999,0.004864,-0.02225,0.001083,0.001255,-0.003428,-0.001923,-0.011804,-0.024109
PEP,0.006072,-0.015339,-0.01812,0.000184,-0.008509,-0.014483,-0.006356,-0.01995,-0.01151,-0.026274,-0.026942,-0.015108,0.005044,0.013735,-0.00828,0.007175,-0.035018,-0.033686,0.005023,-0.020628,-0.008826,-0.030258,-0.03846,-0.046581,0.013198,-0.009332,0.028824,0.015738,0.0269,0.023241,0.031893,0.019864,0.013076,0.017887,0.028354,0.01574,0.009634,-0.0116,-0.000189,0.012025,-0.000202,0.007255,0.032866,0.001113,-0.002949,-0.003735,-0.008213,-0.002307,-0.003643,-0.005172,-0.005156,-0.007158,-0.008197,0.0119,-0.015992,-0.009338,0.023172,0.024345,0.030408,0.013122,0.007989,0.010214,0.023708,0.013552,0.028318,0.0576,0.026206,0.02175,0.033336,0.01766,0.010861,0.008774,0.0159,0.013185,0.006184,0.005672,0.010604,0.002493,0.006831,0.016543,0.017113,0.02147,0.009376,0.002388,0.012616,0.018059,0.015259,0.022205,0.017095,0.005177,0.000162,-0.004217,0.00256,0.0003,5.7e-05,0.009449,0.006383,0.003927,0.003981,0.004674,0.0025,-0.001508,0.0112,-0.011614,0.027667,0.011602,0.013541,0.015575,0.007556,0.005576,-0.015461,0.005917,0.006561,0.004834,-4.1e-05,-0.012678,-0.023515
PG,0.009326,-0.013093,-0.008855,0.008111,0.003834,0.007227,0.001353,-0.020601,-0.006623,-0.041345,-0.024958,-0.010008,0.008225,0.018294,-0.010828,-0.008004,-0.022939,-0.02863,0.009458,-0.009263,-0.001362,-0.017513,-0.042072,-0.045486,0.020264,0.003178,0.024465,0.019773,0.030787,0.020563,0.029197,0.023716,0.031361,0.021341,0.023856,0.014463,0.019603,0.006204,0.002323,0.016959,0.009046,0.006385,0.046389,-0.00084,-0.000214,0.000844,-0.008337,-0.002454,0.002994,0.007063,0.007952,-0.002631,-0.003716,0.017867,-0.003999,2.4e-05,0.022701,0.033371,0.032283,0.016121,0.005886,0.013799,0.033082,0.009832,0.02669,0.026206,0.053361,0.026597,0.031294,-0.005451,-0.011573,-0.019108,0.018703,-0.018529,-0.016776,0.018973,0.012614,0.013797,0.006443,0.023514,0.017393,0.020738,0.010854,-0.003118,0.007416,0.016632,0.015561,0.017149,0.014693,-0.003171,0.004319,0.001337,0.006002,0.004424,0.005485,0.017755,0.017581,0.008038,0.007121,0.008158,0.00498,0.003437,-0.008175,-0.006888,0.039919,0.017907,0.015253,0.011207,0.009629,0.006823,-0.005478,0.011398,0.012794,0.016798,0.014451,0.003348,-0.002356
PM,0.013633,-0.005278,-0.009887,0.002165,-0.004842,-0.004452,-0.008344,-0.006579,-0.017583,-0.016441,-0.022989,-0.003814,-0.010393,0.020605,-0.010177,-0.009294,-0.014591,-0.034046,-0.04655,-0.004993,0.006137,-0.016129,-0.025506,-0.012527,0.025701,-0.005781,0.029568,0.005647,0.029742,0.017399,0.039953,0.017993,0.015842,0.022815,0.010498,0.000932,0.016356,0.021122,-0.014019,0.018433,0.005755,0.010758,0.028222,0.004731,-0.003431,0.00455,0.001964,0.002562,0.002359,0.001696,0.017233,0.001425,-0.006485,0.009478,0.007485,0.004206,0.02703,0.022173,0.036654,0.017425,0.002688,0.014796,0.018615,-0.009162,0.023824,0.02175,0.026597,0.097969,0.029157,0.020325,0.010241,0.006351,0.015993,-0.004813,-0.006093,0.009783,0.015399,0.026831,0.010127,0.012676,0.01487,0.019712,0.01612,0.005229,0.006125,0.012061,0.019731,0.011771,0.033926,0.001042,0.004191,0.000502,0.0047,0.004385,0.005212,0.017326,0.014769,0.008176,0.005699,0.006756,0.004114,0.005515,0.011042,-0.004993,0.034457,0.014772,0.013033,0.011562,0.011653,0.007016,-0.00145,0.008018,0.00898,0.017565,0.013857,0.000627,-0.009908
MDLZ,0.003851,-0.017179,-0.023492,0.001405,0.000465,-0.007859,-0.008521,-0.020446,0.000248,-0.034424,-0.033083,-0.015488,0.010721,0.025949,-0.014654,0.013051,-0.021212,-0.042704,0.011197,-0.004074,-0.001876,-0.028467,-0.046826,-0.050579,0.003266,-0.002178,0.020423,0.022615,0.036761,0.014606,0.02562,0.007971,0.001237,0.020945,0.016788,0.013971,0.016211,-0.007288,-0.001299,0.014853,0.011029,0.021535,0.046217,-0.003074,-0.005473,-0.004579,-0.013792,0.001362,0.009727,0.006464,0.005558,-0.013641,-0.012982,0.011721,-0.000394,0.004034,0.023538,0.030646,0.027822,0.018392,0.01871,0.009567,0.030216,0.012801,0.0328,0.033336,0.031294,0.029157,0.086671,0.027971,0.014546,0.012257,0.029062,0.015013,0.010954,0.00986,0.010973,0.016992,0.009598,0.012374,0.019223,0.014547,0.013591,0.00841,0.01435,0.010279,0.018893,0.018506,0.018744,0.004631,0.002096,-0.000629,0.004931,0.002333,0.002567,0.015184,0.013921,0.006105,0.004792,0.005873,0.003396,0.000399,0.019033,-0.008568,0.028116,0.018171,0.016047,0.016613,0.010413,0.008286,-0.012868,0.0064,0.007181,0.005711,0.00659,-0.002349,0.00937
XOM,-0.006886,-0.018942,-0.023544,-0.031473,-0.02529,-0.027531,-0.015533,-0.028661,-0.027778,-0.008475,-0.018136,-0.011185,-0.006793,-0.001274,-0.010782,0.009388,-0.011522,-0.015439,-0.036426,-0.043416,-0.043133,-0.021082,-0.011452,-0.024763,-0.020215,-0.002708,0.002918,-0.004476,0.000172,-0.00488,0.00155,-0.012784,-0.035205,0.000431,-0.01402,-0.001319,-0.015488,-0.022072,-0.008641,-0.007149,-0.004856,0.014763,-0.011132,-0.006433,-0.011246,-0.027882,-0.019735,-0.001341,0.000145,-0.002767,-0.017302,-0.008931,-0.024467,0.004196,-0.014472,-0.01492,-0.001745,-0.01912,0.004586,0.001848,0.005534,0.026405,-0.015304,-0.000215,0.009413,0.01766,-0.005451,0.020325,0.027971,0.138384,0.101304,0.116514,0.059398,0.115233,0.10813,-0.039224,-0.012271,-0.025281,-0.00376,-0.005675,0.012537,0.010089,-0.015024,0.013488,0.014413,0.005394,0.024699,0.019035,0.018651,0.00751,-0.00938,-0.017224,-0.009486,-0.009738,-0.012489,-0.015787,-0.019158,-0.008509,-0.006852,-0.008206,-0.005334,-0.007726,0.109639,-0.022456,-0.020848,-0.013904,-0.003928,0.018009,-0.003575,-0.000843,-0.027873,0.004204,0.004642,0.008004,-0.032895,-0.049,-0.068626
CVX,-0.007504,-0.010632,-0.019259,-0.021331,-0.01669,-0.025125,-0.007441,-0.013871,-0.025117,0.009477,0.002426,0.002183,0.004388,-0.005864,0.000201,0.006738,0.002226,-0.002917,-0.029138,-0.052908,-0.041819,0.003705,0.008516,-0.000614,-0.018905,0.001172,-0.001965,-0.00597,-0.003837,-0.005986,-0.009176,-0.014629,-0.032138,-0.001765,-0.009654,0.000245,-0.010967,-0.016937,-0.003588,-0.005803,-0.001902,0.009367,-0.007952,-0.000532,-0.008046,-0.022782,-0.012949,0.003669,-0.001876,-0.003347,-0.007599,-0.001226,-0.018074,0.007233,9e-05,-0.005833,-0.007939,-0.017492,-0.006313,-0.001994,0.003481,0.021399,-0.010923,-0.001096,0.003261,0.010861,-0.011573,0.010241,0.014546,0.101304,0.106602,0.103744,0.047728,0.102691,0.099077,-0.032662,-0.009314,-0.022991,-0.004233,-0.006011,0.008975,0.006872,-0.016808,0.013386,0.011213,0.005269,0.021277,0.022266,0.01594,0.004367,-0.006549,-0.013559,-0.005992,-0.006596,-0.008901,-0.014892,-0.0187,-0.005991,-0.005249,-0.006389,-0.003165,-0.00256,0.095462,-0.016648,-0.018107,-0.010607,-0.001819,0.01709,-0.002434,-0.0006,-0.016198,-0.008975,-0.010106,-0.016706,-0.023134,-0.038309,-0.065433
COP,-0.006781,-0.005398,-0.014974,-0.032558,-0.016218,-0.022154,-0.012157,-0.019222,-0.020514,0.011545,0.011699,0.010984,0.001105,0.002531,-0.000201,0.003318,0.010957,0.001615,-0.02627,-0.036068,-0.043227,0.008959,0.009566,0.006556,-0.024139,0.007351,-0.001003,-0.008035,-0.002526,-0.006747,-0.004859,-0.012556,-0.028392,-0.0042,-0.008223,0.001244,-0.008391,-0.016036,-0.010525,-0.012353,0.002687,0.015822,-0.017719,0.004594,-0.003878,-0.022314,-0.008786,0.010282,0.004548,0.005165,-0.008307,-0.00081,-0.016621,0.002231,0.006704,-0.003259,-0.003757,-0.025819,-0.003006,0.000786,0.01142,0.015178,-0.019775,0.007497,0.000482,0.008774,-0.019108,0.006351,0.012257,0.116514,0.103744,0.155472,0.057875,0.136746,0.11612,-0.047703,-0.010348,-0.021692,-0.000375,-0.00445,0.015138,0.017858,-0.010676,0.023097,0.017771,0.004703,0.017517,0.015917,0.013141,0.008848,-0.005828,-0.012678,-0.004866,-0.005791,-0.008107,-0.021155,-0.024697,-0.011188,-0.009928,-0.011578,-0.00466,0.001161,0.113146,-0.013655,-0.019845,-0.008862,-0.002393,0.020639,-0.000817,0.000958,-0.016117,-0.009607,-0.010886,-0.01512,-0.020825,-0.035988,-0.05299
SLB,0.026111,0.0014,0.017704,0.018207,0.025581,0.008566,0.039276,0.031214,0.066908,0.012276,-0.012734,0.00084,0.060494,0.029252,0.003105,0.041661,-0.008795,-0.001959,0.078632,0.054202,0.090241,-0.00436,0.032517,0.001292,0.016209,0.006647,0.009618,0.001837,0.030383,0.027197,0.021734,0.030845,0.027367,0.031849,0.013472,0.024056,0.011914,0.030953,0.037899,0.015517,0.009153,0.005658,0.064477,0.022171,0.028972,0.039293,0.038197,0.022669,0.00671,0.005612,0.046423,0.02925,0.03825,0.004227,0.005931,0.019139,0.012889,0.043339,0.01162,0.007356,0.033861,0.046944,0.04716,0.029915,0.010421,0.0159,0.018703,0.015993,0.029062,0.059398,0.047728,0.057875,0.162651,0.053911,0.072916,0.038811,0.059786,0.033113,0.01099,0.038678,0.027145,0.03885,0.071854,0.005315,0.005627,0.046706,-0.002312,0.000501,0.007498,-0.015516,0.021647,0.024597,0.042082,0.024443,0.027353,0.041105,0.051951,0.002274,0.004038,0.004658,0.013736,0.023094,0.067603,0.031658,0.044928,0.051966,0.017429,0.028971,0.027945,0.014476,0.051126,0.018585,0.020669,0.044888,0.074359,0.069914,0.169399
EOG,-0.013938,-0.014036,-0.022257,-0.029898,-0.017612,-0.036657,-0.018772,-0.021212,-0.007247,0.009596,0.000616,0.012637,0.019596,0.002694,-0.002312,0.002776,0.003365,0.007235,-0.00749,-0.035803,-0.045952,0.000699,-0.01287,0.002442,-0.013649,0.006616,0.000344,-0.002335,-0.007758,-0.000536,-4.3e-05,-0.006231,-0.02753,-0.007175,-0.005652,0.002225,-0.013196,-0.018001,-0.010826,-0.01392,-0.001309,0.006253,-0.018658,-0.007318,-0.015413,-0.033517,-0.021457,-0.00046,-0.005932,-0.009553,-0.015291,-0.010315,-0.038696,-0.002536,0.000203,-0.007191,-0.007693,-0.024406,-0.009846,0.001725,0.006188,0.017224,-0.018429,0.003142,0.003145,0.013185,-0.018529,-0.004813,0.015013,0.115233,0.102691,0.136746,0.053911,0.170817,0.122331,-0.04412,-0.012629,-0.025327,-0.005812,-0.007213,0.011737,0.023374,-0.008538,0.01601,0.010624,0.003088,0.018625,0.01794,0.006065,0.011687,-0.008875,-0.015073,-0.008799,-0.008902,-0.011981,-0.0207,-0.021379,-0.010587,-0.008954,-0.010583,-0.005767,-0.009851,0.114864,-0.01769,-0.016806,-0.013457,-0.002999,0.020099,-0.004425,-0.000529,-0.022116,-0.006056,-0.006874,-0.00677,-0.031303,-0.042729,-0.050277
PSX,-0.000141,-0.011391,-0.011974,-0.01016,-0.009203,-0.022077,0.012702,-0.011985,0.017995,0.008721,0.009274,0.021435,0.056759,4e-06,0.009835,0.040757,0.010909,0.017752,0.037836,-0.010386,-0.003005,0.016639,0.04389,0.013129,-0.015169,0.003781,-0.006789,0.008368,-0.004022,-0.001577,0.001201,-0.0049,-0.015409,-0.002968,0.002866,0.01216,-0.013472,-0.005222,0.008027,-0.010035,0.004183,0.016213,-0.006808,0.004769,0.008793,-0.012914,-0.000809,0.008628,0.01241,0.006306,0.000997,0.017259,-0.001634,0.001553,-0.005205,-0.005237,-0.002956,-0.014629,-0.01266,0.007482,0.023513,0.035922,-0.011101,0.016494,-0.006202,0.006184,-0.016776,-0.006093,0.010954,0.10813,0.099077,0.11612,0.072916,0.122331,0.198292,-0.035036,0.01331,-0.020275,-0.010819,0.007873,0.011266,0.017278,0.000752,0.014511,0.005713,0.020186,0.019788,0.015969,-0.002565,0.0034,0.001127,-0.000859,0.009626,0.001885,0.000823,-0.004695,-0.004222,-0.010616,-0.0085,-0.010159,-0.001377,0.005935,0.115485,0.000544,-0.007203,0.00015,0.000679,0.024032,0.004774,0.002422,0.004126,0.001444,0.001518,0.002955,0.003048,-0.002196,0.013988
GE,0.036749,-0.000318,0.062551,0.051349,0.03463,0.040939,0.059899,0.055344,0.068576,0.012283,-0.043375,-0.022286,0.052607,0.04429,0.010541,0.039269,-0.038409,-0.041457,0.086329,0.110235,0.139733,-0.01251,0.039905,0.004442,0.041351,-0.003921,0.028235,0.027981,0.047565,0.040065,0.051748,0.043374,0.056609,0.032246,0.036966,0.019422,0.042735,0.041364,0.028953,0.060908,0.015895,0.010543,0.085884,0.04925,0.052504,0.071193,0.062939,0.042196,0.010587,0.015721,0.055371,0.031722,0.082891,0.016493,0.002837,0.019111,0.021872,0.065612,0.026641,0.004413,0.02574,0.012988,0.064202,0.018963,0.01596,0.005672,0.018973,0.009783,0.00986,-0.039224,-0.032662,-0.047703,0.038811,-0.04412,-0.035036,0.199005,0.086033,0.077171,0.07586,0.054324,0.034236,0.05313,0.114671,0.03303,0.041622,0.06045,-0.012121,-0.004601,0.000909,0.021403,0.035126,0.042307,0.04835,0.037812,0.044721,0.061697,0.06432,0.00473,0.007288,0.009466,0.018335,0.039863,-0.025239,0.049848,0.08073,0.101614,0.031606,0.017532,0.039209,0.022909,0.081527,0.021852,0.024657,0.029177,0.120462,0.119674,0.236255
CAT,0.030358,-0.012814,0.044157,0.058724,0.030245,0.019962,0.052559,0.079411,0.127237,0.030869,-0.039343,-0.028805,0.07942,0.06474,0.006287,0.065995,-0.059273,-0.052603,0.101141,0.125807,0.173173,0.000702,0.049619,0.002488,0.048583,0.009934,0.017139,0.022642,0.028821,0.032901,0.045788,0.054224,0.043402,0.029372,0.035855,0.018721,0.019404,0.027771,0.027012,0.012898,0.023918,0.016963,0.052684,0.048026,0.039072,0.076925,0.056268,0.043051,0.003342,-0.00609,0.066094,0.036515,0.059969,0.001877,-0.008067,0.001834,0.0352,0.05123,0.010616,0.013033,0.025261,0.015611,0.056449,0.02759,-0.001537,0.010604,0.012614,0.015399,0.010973,-0.012271,-0.009314,-0.010348,0.059786,-0.012629,0.01331,0.086033,0.152022,0.048492,0.035965,0.044704,0.036841,0.079256,0.148323,0.022683,0.015753,0.055295,0.001251,0.007306,0.017053,-0.005906,0.033913,0.043127,0.059398,0.037515,0.043148,0.058184,0.065191,0.002278,0.004266,0.005798,0.016807,0.031113,0.003773,0.056999,0.071719,0.097332,0.024071,0.023578,0.042,0.020589,0.08914,0.026834,0.030252,0.053273,0.116264,0.122528,0.306339
BA,0.028338,0.025403,0.038427,0.035212,0.030164,0.029307,0.047577,0.044534,0.071322,0.038061,0.003729,0.015522,0.036235,0.038603,0.011879,0.023278,0.019054,0.02424,0.061145,0.077483,0.081279,0.032835,0.070393,0.049183,0.042654,0.015139,0.013746,0.005516,0.023318,0.027487,0.036455,0.039159,0.029073,0.029913,0.021944,0.016387,0.031845,0.050698,0.018087,0.019251,0.018671,0.022466,0.065831,0.031356,0.032873,0.05328,0.045036,0.029133,0.004401,0.008799,0.04176,0.028193,0.049264,0.009436,0.022675,0.028991,0.023817,0.050051,0.019899,0.015904,0.026771,0.010149,0.046149,0.023279,0.003981,0.002493,0.013797,0.026831,0.016992,-0.025281,-0.022991,-0.021692,0.033113,-0.025327,-0.020275,0.077171,0.048492,0.144628,0.044018,0.035928,0.020815,0.024654,0.065619,0.022387,0.026452,0.050184,-0.008803,-0.005035,0.024364,0.015312,0.028111,0.035212,0.040747,0.03076,0.035622,0.046836,0.050577,0.006886,0.008219,0.0104,0.015821,0.02995,-0.014321,0.043875,0.062737,0.067396,0.022932,0.015243,0.030804,0.016349,0.08262,0.021359,0.023993,0.030189,0.095623,0.099325,0.174469
RTX,0.00543,-0.004393,0.015904,0.019751,0.007082,0.008916,0.021774,0.012717,0.008492,0.005299,-0.020442,-0.016298,0.011575,0.012903,0.01215,0.009816,-0.015492,-0.016501,-0.002865,0.044532,0.037451,-0.005375,0.034598,0.004611,0.020857,-0.004288,0.026403,0.020222,0.027614,0.015918,0.038677,0.028791,0.021365,0.023969,0.025409,0.013756,0.025856,0.012765,0.017789,0.019883,-0.003116,0.010733,0.040177,0.023437,0.016468,0.029306,0.02059,0.016746,0.005059,0.007581,0.016453,0.011643,0.030147,0.003438,0.007469,0.009008,0.013864,0.023372,0.018444,0.006204,0.006454,0.000747,0.024126,0.00457,0.010635,0.006831,0.006443,0.010127,0.009598,-0.00376,-0.004233,-0.000375,0.01099,-0.005812,-0.010819,0.07586,0.035965,0.044018,0.096721,0.037988,0.014934,0.036769,0.044401,0.054151,0.065751,0.025292,-0.001251,0.002804,0.011147,0.009891,0.012992,0.012306,0.020982,0.014441,0.016389,0.027048,0.024628,0.00278,0.003432,0.004523,0.007645,0.017261,-0.000185,0.013126,0.045577,0.052764,0.018587,0.012319,0.017843,0.01133,0.039174,0.014083,0.015987,0.013545,0.044229,0.034509,0.063001
HON,0.020135,-0.00356,0.016997,0.018982,0.019228,0.024608,0.029798,0.011064,0.021746,-0.000668,-0.009357,0.000886,0.03345,0.012191,0.01833,0.025876,-0.01411,-0.006707,0.035699,0.029188,0.056563,0.000306,0.015326,0.001629,0.028471,0.001578,0.019557,0.016558,0.030932,0.02875,0.04246,0.023295,0.040498,0.022489,0.027971,0.022595,0.026855,0.021905,0.025627,0.019332,0.004361,0.010423,0.061056,0.025207,0.026427,0.033455,0.024131,0.021327,0.011255,0.01834,0.038043,0.02695,0.037203,0.008926,0.008948,0.014,0.019614,0.044195,0.024265,0.012905,0.019993,0.023254,0.043021,0.023042,0.011227,0.016543,0.023514,0.012676,0.012374,-0.005675,-0.006011,-0.00445,0.038678,-0.007213,0.007873,0.054324,0.044704,0.035928,0.037988,0.068906,0.019448,0.042426,0.045809,0.03325,0.030733,0.056013,0.000435,0.002935,0.015377,0.009358,0.01806,0.019066,0.030242,0.019865,0.022838,0.035907,0.033521,0.006793,0.006328,0.007715,0.011244,0.024436,0.000795,0.019241,0.054019,0.051332,0.024645,0.017055,0.024074,0.013904,0.043714,0.015773,0.017772,0.029256,0.061517,0.053787,0.086019
UNP,0.014932,-0.015243,0.00319,0.009485,0.010156,0.007197,0.00614,-0.0008,0.003294,-0.014426,-0.030334,-0.013277,0.017617,0.049057,-0.005324,0.014664,-0.031939,-0.056817,0.00832,-0.001385,0.028289,-0.020861,-0.025266,-0.027345,0.01394,0.003513,0.015768,0.011578,0.020821,0.019369,0.019514,0.027562,0.011291,0.018925,0.018992,0.011587,0.020595,0.006882,-0.007546,0.013601,0.017543,0.015229,0.03844,0.022329,0.017707,0.023564,0.01576,0.019967,0.004616,0.008039,0.025311,0.013237,0.0219,0.019213,-0.002912,-0.002135,0.014367,0.03285,0.022483,0.008684,0.013495,0.016568,0.037395,0.013484,0.012432,0.017113,0.017393,0.01487,0.019223,0.012537,0.008975,0.015138,0.027145,0.011737,0.011266,0.034236,0.036841,0.020815,0.014934,0.019448,0.056264,0.037803,0.037342,-0.001603,0.01134,0.033185,0.014118,0.019008,0.033791,0.001984,0.010176,0.007658,0.018438,0.011296,0.012734,0.015897,0.011584,0.001615,0.001916,0.002528,0.005994,0.017035,0.01516,0.004625,0.03231,0.042055,0.018936,0.018117,0.017565,0.011195,0.0111,0.002945,0.003344,-0.000451,0.034473,0.021803,0.059461
DE,0.014163,-0.023839,-0.004403,0.025171,0.004485,0.00017,0.007062,0.006489,0.004513,-0.021593,-0.043241,-0.019521,0.029724,0.043629,0.002971,0.043125,-0.060985,-0.052248,0.002283,0.017571,0.049556,-0.006388,-0.023978,0.000485,0.041603,0.007964,0.026256,0.016597,0.036134,0.035816,0.05174,0.035153,0.040894,0.026604,0.037459,0.015853,0.031679,0.013544,0.014824,0.020077,0.02572,0.02595,0.046776,0.032633,0.020026,0.031962,0.021763,0.026154,0.005271,0.000388,0.034679,0.027741,0.026593,0.012961,-0.004819,-0.001375,0.028657,0.049265,0.02394,0.018823,0.025664,0.022529,0.056144,0.02328,0.009351,0.02147,0.020738,0.019712,0.014547,0.010089,0.006872,0.017858,0.03885,0.023374,0.017278,0.05313,0.079256,0.024654,0.036769,0.042426,0.037803,0.145542,0.072922,0.030847,0.027716,0.056401,0.010079,0.024998,0.041214,-0.00478,0.01486,0.010948,0.033374,0.017424,0.018668,0.031799,0.02729,0.001318,0.002176,0.003138,0.009532,0.021464,0.019263,0.007889,0.068373,0.071039,0.024961,0.026936,0.02701,0.016481,0.030258,0.011686,0.013168,0.021185,0.050352,0.030752,0.082762
ETN,0.035528,0.000469,0.074243,0.05791,0.048007,0.033186,0.066488,0.11901,0.176133,0.048251,-0.049357,-0.041521,0.091056,0.084064,0.00912,0.083324,-0.059906,-0.064582,0.133558,0.188282,0.231973,0.007368,0.052952,-0.000759,0.049615,0.009329,0.011139,0.015105,0.021911,0.039657,0.06274,0.041835,0.05576,0.020308,0.030427,0.01891,0.023324,0.039684,0.024314,0.008544,0.015338,0.009718,0.064257,0.057357,0.048631,0.082755,0.067412,0.045955,0.008516,0.001775,0.072151,0.041282,0.074301,0.007079,-0.011602,-0.002126,0.032339,0.060686,0.014494,0.012066,0.034696,0.024928,0.06134,0.036891,0.005332,0.009376,0.010854,0.01612,0.013591,-0.015024,-0.016808,-0.010676,0.071854,-0.008538,0.000752,0.114671,0.148323,0.065619,0.044401,0.045809,0.037342,0.072922,0.263272,0.010827,0.008389,0.068722,-0.006649,-0.006147,0.009678,0.002203,0.04398,0.058363,0.068185,0.048075,0.055846,0.06667,0.079616,-0.001763,0.002769,0.003959,0.018452,0.037851,0.003858,0.081474,0.068267,0.118126,0.028698,0.024787,0.051533,0.025669,0.10445,0.030908,0.034585,0.062264,0.150604,0.16604,0.424108
LMT,-0.007517,-0.008704,-0.000769,0.004611,-0.009589,0.000432,0.010379,0.001565,0.012159,0.021023,-0.000836,0.000895,-0.000545,-0.0135,0.021142,0.012352,-0.008463,0.007599,-0.000883,0.022289,0.025537,-0.001768,0.027351,0.023581,0.00547,-0.000958,0.015198,0.012389,0.014682,0.000181,0.021509,0.000669,0.006038,0.011156,0.012193,0.010325,0.010656,-0.008197,0.015344,0.009449,-0.002634,0.016334,0.014483,0.009095,0.007728,0.005534,0.007826,0.010902,-0.001643,-0.000397,0.007384,0.000457,0.007912,-0.008884,0.019506,0.014301,0.012156,0.009162,0.010962,0.013281,-0.00062,-0.006948,0.009903,0.001411,6.6e-05,0.002388,-0.003118,0.005229,0.00841,0.013488,0.013386,0.023097,0.005315,0.01601,0.014511,0.03303,0.022683,0.022387,0.054151,0.03325,-0.001603,0.030847,0.010827,0.112627,0.065087,0.01396,0.000592,0.005336,-0.000367,0.009234,0.003873,0.001744,0.010805,0.004828,0.004842,0.01258,0.007722,0.000728,0.000817,0.001121,0.00277,0.006446,0.013345,0.002266,0.021415,0.02852,0.00764,0.009392,0.008621,0.005056,0.025079,0.009419,0.010807,0.004505,0.012908,0.004584,0.013135
NOC,-0.00586,-0.012879,-0.006332,0.001027,-0.011233,-0.00306,0.006834,-0.016412,-0.017495,-0.005736,-0.01674,-0.015696,-0.00411,0.005338,0.002989,-0.011546,-0.016728,-0.019983,-0.005836,0.00171,0.003949,-0.025247,0.00336,-0.00522,0.006144,-0.006321,0.029209,0.010142,0.025374,0.012032,0.024737,0.010976,0.009826,0.022189,0.01709,0.012679,0.020326,-0.005136,0.011817,0.017043,-0.002578,0.020057,0.033903,0.010871,0.005983,0.004193,0.004025,0.008595,0.000996,0.001956,0.004986,-0.004256,0.010201,-0.000754,0.005278,0.006158,0.00855,0.010123,0.017275,0.010401,0.000906,-0.00541,0.012237,-0.003795,0.00681,0.012616,0.007416,0.006125,0.01435,0.014413,0.011213,0.017771,0.005627,0.010624,0.005713,0.041622,0.015753,0.026452,0.065751,0.030733,0.01134,0.027716,0.008389,0.065087,0.099414,0.016809,0.00257,0.005357,0.012785,0.00401,0.002006,-0.002896,0.009862,0.002976,0.002433,0.009584,0.002374,0.002248,0.00222,0.002936,0.00209,0.007364,0.010828,-0.007379,0.027865,0.032214,0.012219,0.011882,0.00791,0.005288,0.018112,0.021008,0.023688,0.014336,0.006537,-0.008641,-0.01089
DIS,0.032574,0.023707,0.036654,0.041251,0.039724,0.03952,0.06703,0.04108,0.054795,0.041984,0.047705,0.057629,0.0873,0.028416,0.038552,0.056855,0.045203,0.050535,0.050736,0.035292,0.084377,0.053362,0.055929,0.070231,0.047552,0.014036,0.000481,0.016488,0.028129,0.041261,0.041287,0.030155,0.062187,0.032582,0.045304,0.043207,0.04486,0.062786,0.056647,0.026827,0.025065,0.020861,0.130996,0.062324,0.057552,0.07688,0.067891,0.039001,0.025014,0.037633,0.080514,0.069124,0.083472,0.025359,0.039154,0.048753,0.006613,0.070161,0.020936,0.003599,0.046548,0.057564,0.068025,0.033382,0.003549,0.018059,0.016632,0.012061,0.010279,0.005394,0.005269,0.004703,0.046706,0.003088,0.020186,0.06045,0.055295,0.050184,0.025292,0.056013,0.033185,0.056401,0.068722,0.01396,0.016809,0.257353,-0.004893,0.003112,0.042427,0.023418,0.037126,0.0417,0.054914,0.040516,0.046642,0.048983,0.046544,0.009726,0.008806,0.010764,0.018216,0.060261,0.013734,0.048817,0.088267,0.073224,0.039189,0.03052,0.044252,0.024447,0.100712,0.023878,0.026874,0.042171,0.126338,0.118139,0.164534
T,0.00105,-0.022528,-0.025018,-0.01146,-0.012569,-0.011926,-0.01446,-0.02877,-0.038188,-0.035993,-0.02743,-0.007768,-0.010828,0.01597,-0.005175,-0.003895,-0.016533,-0.03415,-0.045262,-0.0477,-0.043806,-0.023346,-0.025546,-0.050966,0.006046,0.004246,0.01102,0.010723,0.017379,0.001562,0.016911,0.006442,-0.002101,0.009614,0.007063,0.00079,0.00345,-0.013986,-0.021712,-9.3e-05,0.012907,0.014543,-0.005206,-0.002508,-0.009749,-0.009153,-0.018088,-0.003392,-0.001295,0.001044,-0.006056,-0.017663,-0.018347,0.014416,-0.007109,-0.012643,0.015461,0.006519,0.021492,0.008989,-0.002143,0.003296,0.005388,0.008685,0.015242,0.015259,0.015561,0.019731,0.018893,0.024699,0.021277,0.017517,-0.002312,0.018625,0.019788,-0.012121,0.001251,-0.008803,-0.001251,0.000435,0.014118,0.010079,-0.006649,0.000592,0.00257,-0.004893,0.072146,0.046794,0.03338,0.002811,-0.006212,-0.0126,-0.00868,-0.006858,-0.008124,-0.007315,-0.014326,7.5e-05,0.000217,-7.5e-05,-0.002536,-0.004576,0.020178,-0.023374,0.008436,-0.004064,0.007069,0.008982,-0.00104,0.000573,-0.029703,-0.007157,-0.008019,-0.021448,-0.021869,-0.036,-0.078784
VZ,-0.001484,-0.016817,-0.025696,-0.002558,-0.010941,-0.016876,-0.005549,-0.027491,-0.052665,-0.024072,-0.019788,-0.009548,0.001819,0.013407,-0.008629,-0.002684,-0.020902,-0.021931,-0.042212,-0.042448,-0.048799,-0.00813,-0.027557,-0.035216,0.0137,-0.000911,0.011252,0.016264,0.014032,0.010318,0.025049,0.015343,0.004263,0.011759,0.014448,0.008749,0.010662,-0.013468,-0.013369,0.007817,0.009072,0.018602,0.016892,0.001685,-0.008437,-0.01171,-0.013929,-0.00342,-0.005384,-0.003706,-0.009857,-0.011563,-0.016928,0.016462,-0.009221,-0.01106,0.013796,0.013447,0.016825,0.00721,-0.002625,0.006957,0.01434,0.012942,0.012765,0.022205,0.017149,0.011771,0.018506,0.019035,0.022266,0.015917,0.000501,0.01794,0.015969,-0.004601,0.007306,-0.005035,0.002804,0.002935,0.019008,0.024998,-0.006147,0.005336,0.005357,0.003112,0.046794,0.066719,0.034969,0.002138,-0.004277,-0.011339,-0.006186,-0.004798,-0.005688,-0.004812,-0.011969,-0.001993,-0.000352,-0.000383,-0.000974,-0.002805,0.017385,-0.022291,0.018608,0.003025,0.006488,0.013314,0.0011,0.001865,-0.026056,-0.015094,-0.01697,-0.039648,-0.014883,-0.032275,-0.084215
CMCSA,0.014735,-0.015432,-0.021625,-0.004298,-0.005883,0.000852,0.005635,-0.010522,-0.058013,-0.004415,-0.024855,-0.007667,-0.032789,0.040859,-0.006853,0.005719,-0.01927,-0.052474,-0.08302,-0.038441,-0.02383,-0.015877,-0.022083,-0.000514,0.02857,0.008094,0.018117,0.017361,0.024737,0.02418,0.038828,0.031977,0.026275,0.015344,0.016559,0.006802,0.013557,0.005649,-0.01106,0.012771,0.019368,0.021353,0.026734,0.012011,0.007672,0.01389,0.005459,0.012723,0.002608,0.006832,0.01191,0.008179,0.007752,0.023617,0.001931,-0.00059,0.015744,0.031876,0.025667,0.010582,0.011449,0.020868,0.033738,0.01453,0.008722,0.017095,0.014693,0.033926,0.018744,0.018651,0.01594,0.013141,0.007498,0.006065,-0.002565,0.000909,0.017053,0.024364,0.011147,0.015377,0.033791,0.041214,0.009678,-0.000367,0.012785,0.042427,0.03338,0.034969,0.114853,0.00131,0.003161,-0.003542,0.009182,0.004117,0.00359,0.006174,-0.006121,0.002547,0.00196,0.002946,0.003418,0.014655,0.011654,-0.013734,0.041651,0.024558,0.015778,0.017766,0.013848,0.00871,0.00711,-0.00033,-0.000251,-0.001683,0.009952,-0.009429,-0.044683
NFLX,0.004114,0.016825,0.005099,0.013127,0.024493,0.009415,0.0117,0.016332,0.026716,0.010638,0.012235,0.026446,0.009389,-0.000772,0.01861,0.020055,0.036602,0.01591,0.00435,0.004489,0.005826,0.015969,0.035633,0.018805,-9.8e-05,-0.000757,0.004119,0.008014,-0.003042,0.008869,0.024656,-0.000297,0.005325,0.007151,0.00534,-0.000872,0.010333,0.006023,-0.002506,0.00668,-0.010045,0.003952,0.011504,0.008131,0.004841,-0.005507,0.008083,6.9e-05,0.01275,0.01448,0.005242,-0.00236,0.007811,0.008737,0.01658,0.017184,-0.001426,-0.004283,0.006177,0.00534,0.003348,0.003861,-0.014092,0.000755,0.002619,0.005177,-0.003171,0.001042,0.004631,0.00751,0.004367,0.008848,-0.015516,0.011687,0.0034,0.021403,-0.005906,0.015312,0.009891,0.009358,0.001984,-0.00478,0.002203,0.009234,0.00401,0.023418,0.002811,0.002138,0.00131,0.099982,0.008071,0.013076,0.002186,0.008198,0.010146,0.006683,0.005587,-0.001124,-0.000114,0.000182,0.002113,0.009093,0.006749,0.011525,0.00792,0.006503,0.005168,0.001667,0.006718,0.005495,0.023793,0.004023,0.004647,0.012271,0.0273,0.03678,0.01542
SPY,0.021333,0.019831,0.036771,0.027526,0.028594,0.027755,0.038203,0.042496,0.060592,0.033596,0.016427,0.018257,0.035147,0.017876,0.016642,0.031868,0.016347,0.019256,0.052421,0.059925,0.065116,0.026106,0.050981,0.031641,0.014999,0.006887,0.001867,0.008427,0.01002,0.013037,0.019661,0.017737,0.021572,0.011921,0.010606,0.009703,0.015013,0.027399,0.020218,0.008055,0.007626,0.007605,0.03738,0.023077,0.02363,0.035395,0.031858,0.018562,0.0123,0.015272,0.033855,0.025247,0.036613,0.006597,0.015515,0.019084,0.00612,0.023006,0.006755,0.003906,0.0192,0.015198,0.022193,0.01329,-0.00047,0.000162,0.004319,0.004191,0.002096,-0.00938,-0.006549,-0.005828,0.021647,-0.008875,0.001127,0.035126,0.033913,0.028111,0.012992,0.01806,0.010176,0.01486,0.04398,0.003873,0.002006,0.037126,-0.006212,-0.004277,0.003161,0.008071,0.020996,0.028257,0.027384,0.022431,0.026667,0.027451,0.031822,0.003504,0.003669,0.004537,0.010106,0.022831,-0.001828,0.037577,0.032063,0.034325,0.012847,0.008708,0.021056,0.010537,0.053572,0.009019,0.010128,0.022345,0.07209,0.080315,0.133434
QQQ,0.027258,0.030679,0.055595,0.038761,0.042635,0.039979,0.055427,0.065288,0.101289,0.052067,0.025475,0.025204,0.04876,0.022869,0.021376,0.046098,0.026028,0.030503,0.086211,0.097447,0.098226,0.038668,0.081155,0.049165,0.013469,0.007746,-0.002959,0.007694,0.007376,0.012238,0.021311,0.018003,0.025678,0.011388,0.008279,0.008912,0.013473,0.036726,0.023357,0.004952,0.006814,0.005825,0.040224,0.025475,0.026961,0.044067,0.040206,0.020044,0.015474,0.017373,0.041121,0.02896,0.044796,0.002199,0.0188,0.024566,0.004758,0.023271,0.002604,0.004028,0.024834,0.014768,0.020944,0.014611,-0.003978,-0.004217,0.001337,0.000502,-0.000629,-0.017224,-0.013559,-0.012678,0.024597,-0.015073,-0.000859,0.042307,0.043127,0.035212,0.012306,0.019066,0.007658,0.010948,0.058363,0.001744,-0.002896,0.0417,-0.0126,-0.011339,-0.003542,0.013076,0.028257,0.04129,0.035052,0.03001,0.035981,0.035095,0.044081,0.00371,0.004125,0.005152,0.012837,0.025753,-0.006698,0.056219,0.032114,0.040523,0.012828,0.007559,0.025615,0.012272,0.074969,0.013106,0.014706,0.033058,0.097265,0.117495,0.202024
IWM,0.025115,0.016863,0.039983,0.033269,0.030915,0.028949,0.04812,0.050226,0.082984,0.042861,0.015515,0.016166,0.050627,0.029058,0.023515,0.046187,0.010079,0.017069,0.076485,0.077078,0.095641,0.029708,0.071608,0.04205,0.022236,0.011748,0.004144,0.010463,0.019759,0.020596,0.025387,0.030276,0.032097,0.022798,0.019129,0.015562,0.019387,0.033104,0.031806,0.012739,0.012298,0.014088,0.055227,0.035646,0.036129,0.057144,0.04819,0.030626,0.013533,0.016712,0.053399,0.040077,0.055938,0.006033,0.017065,0.023145,0.010687,0.036897,0.008428,0.006277,0.026395,0.026162,0.038567,0.02416,-0.001928,0.00256,0.006002,0.0047,0.004931,-0.009486,-0.005992,-0.004866,0.042082,-0.008799,0.009626,0.04835,0.059398,0.040747,0.020982,0.030242,0.018438,0.033374,0.068185,0.010805,0.009862,0.054914,-0.00868,-0.006186,0.009182,0.002186,0.027384,0.035052,0.048488,0.030469,0.034883,0.039946,0.044676,0.005362,0.005681,0.007016,0.014909,0.033849,0.002761,0.047679,0.049396,0.056153,0.021899,0.015948,0.030421,0.01511,0.082753,0.016438,0.018446,0.034149,0.094264,0.099805,0.188506
VTI,0.022518,0.020555,0.03813,0.029091,0.029832,0.028679,0.04076,0.045006,0.064617,0.03663,0.017772,0.019488,0.037894,0.019568,0.018426,0.034566,0.01752,0.020847,0.055736,0.063699,0.070129,0.027998,0.055814,0.035597,0.016565,0.007756,0.002144,0.008817,0.011341,0.014348,0.021038,0.019719,0.023482,0.013506,0.011916,0.010835,0.016004,0.029408,0.022293,0.008935,0.008429,0.008526,0.040788,0.025277,0.02567,0.038675,0.034651,0.020346,0.012927,0.015951,0.037012,0.027737,0.03978,0.006937,0.016737,0.020649,0.006748,0.025356,0.007244,0.004309,0.020715,0.016793,0.024771,0.014722,-0.000738,0.0003,0.004424,0.004385,0.002333,-0.009738,-0.006596,-0.005791,0.024443,-0.008902,0.001885,0.037812,0.037515,0.03076,0.014441,0.019865,0.011296,0.017424,0.048075,0.004828,0.002976,0.040516,-0.006858,-0.004798,0.004117,0.008198,0.022431,0.03001,0.030469,0.024118,0.02851,0.029836,0.034367,0.003894,0.004055,0.00501,0.010982,0.024882,-0.001374,0.040051,0.03528,0.037892,0.014298,0.009784,0.022859,0.011444,0.058934,0.010105,0.011347,0.024676,0.077079,0.08533,0.143421
VOO,0.027068,0.02529,0.046823,0.035009,0.036369,0.035294,0.048534,0.054229,0.077304,0.042808,0.020931,0.023211,0.044513,0.022459,0.02132,0.040652,0.020781,0.024532,0.067129,0.07663,0.083025,0.033202,0.065025,0.040513,0.019022,0.008845,0.002271,0.010597,0.012747,0.016517,0.024985,0.022476,0.027476,0.015095,0.013375,0.01232,0.018924,0.03479,0.025768,0.010311,0.009766,0.00968,0.047441,0.02926,0.030005,0.044994,0.040524,0.023466,0.015664,0.019319,0.043109,0.031932,0.0466,0.00826,0.019778,0.024342,0.007621,0.029274,0.008538,0.004861,0.024332,0.018926,0.028225,0.016717,-0.000607,5.7e-05,0.005485,0.005212,0.002567,-0.012489,-0.008901,-0.008107,0.027353,-0.011981,0.000823,0.044721,0.043148,0.035622,0.016389,0.022838,0.012734,0.018668,0.055846,0.004842,0.002433,0.046642,-0.008124,-0.005688,0.00359,0.010146,0.026667,0.035981,0.034883,0.02851,0.03393,0.035012,0.040687,0.004471,0.004703,0.005819,0.012823,0.028983,-0.002907,0.047937,0.040738,0.043593,0.016287,0.010904,0.026744,0.013329,0.068245,0.011539,0.012955,0.028706,0.091748,0.102332,0.170108
VEA,0.025011,0.015064,0.039066,0.041625,0.030735,0.032464,0.045764,0.048519,0.074236,0.033832,0.006447,0.01345,0.050628,0.023404,0.019015,0.037386,0.000784,0.012236,0.065019,0.081225,0.09678,0.020696,0.05523,0.029452,0.033675,0.004581,0.015184,0.017801,0.024704,0.026856,0.039337,0.036827,0.039653,0.026626,0.025939,0.021747,0.025977,0.037379,0.031447,0.019677,0.01146,0.01012,0.065336,0.031143,0.028467,0.049444,0.038604,0.022922,0.010839,0.012599,0.046777,0.030488,0.045896,0.009023,0.01485,0.021993,0.014576,0.045963,0.018536,0.00625,0.025882,0.016534,0.043712,0.014929,0.007218,0.009449,0.017755,0.017326,0.015184,-0.015787,-0.014892,-0.021155,0.041105,-0.0207,-0.004695,0.061697,0.058184,0.046836,0.027048,0.035907,0.015897,0.031799,0.06667,0.01258,0.009584,0.048983,-0.007315,-0.004812,0.006174,0.006683,0.027451,0.035095,0.039946,0.029836,0.035012,0.056787,0.061227,0.009419,0.009298,0.011181,0.01595,0.027708,-0.006747,0.044858,0.060026,0.056003,0.023566,0.014117,0.030178,0.01622,0.072145,0.027399,0.030791,0.056214,0.094492,0.099632,0.179076
EEM,0.026465,0.021673,0.055156,0.048622,0.038951,0.041605,0.054896,0.065501,0.11737,0.047255,0.007932,0.011436,0.058036,0.027304,0.01978,0.045805,-0.001215,0.017511,0.099233,0.121788,0.129371,0.021248,0.068457,0.038716,0.024516,0.007937,0.011488,0.014316,0.023431,0.024871,0.035856,0.033195,0.03989,0.027185,0.021383,0.017644,0.023228,0.04218,0.031912,0.013492,0.011565,0.007013,0.06328,0.029986,0.026757,0.055252,0.04339,0.019189,0.011868,0.013216,0.050295,0.030383,0.047389,0.001496,0.012926,0.022597,0.011677,0.044087,0.011691,0.004425,0.029806,0.020829,0.042561,0.013912,0.005002,0.006383,0.017581,0.014769,0.013921,-0.019158,-0.0187,-0.024697,0.051951,-0.021379,-0.004222,0.06432,0.065191,0.050577,0.024628,0.033521,0.011584,0.02729,0.079616,0.007722,0.002374,0.046544,-0.014326,-0.011969,-0.006121,0.005587,0.031822,0.044081,0.044676,0.034367,0.040687,0.061227,0.079919,0.008704,0.009338,0.011296,0.017518,0.026434,-0.007939,0.059472,0.054846,0.058255,0.020389,0.012411,0.031847,0.016396,0.085077,0.033194,0.037284,0.066625,0.109817,0.125213,0.246528
TLT,0.002312,0.001779,0.002552,0.005587,0.002611,0.005987,0.003153,0.006814,0.003374,0.004663,0.003797,0.005396,0.001062,0.000316,0.004152,-0.005476,0.006365,0.008466,0.001069,-0.003296,0.003895,0.005213,0.004231,0.007666,0.005137,0.002626,0.007647,0.005298,0.008203,0.004573,0.010951,0.007538,0.011461,0.007562,0.006284,0.005068,0.007761,0.006378,0.006353,0.007104,0.001605,0.003075,0.016378,0.000521,-0.001578,0.004734,-0.001041,-0.003468,0.001594,0.003634,0.008198,0.003092,0.001719,0.004069,0.005063,0.005622,0.004043,0.012653,0.008234,0.003081,0.002907,0.004217,0.014143,-0.001656,0.004358,0.003927,0.008038,0.008176,0.006105,-0.008509,-0.005991,-0.011188,0.002274,-0.010587,-0.010616,0.00473,0.002278,0.006886,0.00278,0.006793,0.001615,0.001318,-0.001763,0.000728,0.002248,0.009726,7.5e-05,-0.001993,0.002547,-0.001124,0.003504,0.00371,0.005362,0.003894,0.004471,0.009419,0.008704,0.01409,0.008856,0.010192,0.004767,0.002759,-0.00745,0.003547,0.015527,0.005886,0.008261,0.001783,0.004802,0.003049,0.008585,0.002462,0.002793,0.004819,0.012026,0.010637,0.0083
BND,0.002161,0.001937,0.003025,0.006825,0.003343,0.00548,0.005158,0.006385,0.004731,0.004362,0.002116,0.003862,0.003685,0.001824,0.004233,-0.002981,0.004423,0.006889,0.005087,0.002956,0.008096,0.004661,0.005976,0.004242,0.006702,0.001808,0.005774,0.004828,0.006927,0.005102,0.009279,0.007842,0.009887,0.007514,0.005809,0.004715,0.006853,0.00599,0.006177,0.006466,0.000845,0.00121,0.015672,0.001635,0.000644,0.005342,0.001296,-0.000992,0.000295,0.00184,0.007462,0.003147,0.002602,0.003169,0.004458,0.004977,0.003103,0.010669,0.006834,0.001933,0.002097,0.004264,0.011452,7.9e-05,0.00347,0.003981,0.007121,0.005699,0.004792,-0.006852,-0.005249,-0.009928,0.004038,-0.008954,-0.0085,0.007288,0.004266,0.008219,0.003432,0.006328,0.001916,0.002176,0.002769,0.000817,0.00222,0.008806,0.000217,-0.000352,0.00196,-0.000114,0.003669,0.004125,0.005681,0.004055,0.004703,0.009298,0.009338,0.008856,0.006577,0.007565,0.004329,0.002875,-0.005996,0.004436,0.014106,0.006976,0.006776,0.001983,0.004604,0.00277,0.009373,0.004281,0.00483,0.006206,0.012655,0.011758,0.014168
AGG,0.00298,0.00227,0.00402,0.008202,0.004013,0.006513,0.006274,0.007868,0.00618,0.005478,0.002175,0.004399,0.004544,0.002583,0.004826,-0.002827,0.004645,0.007595,0.006437,0.004619,0.010421,0.005775,0.006799,0.005685,0.008002,0.001875,0.006805,0.00568,0.008218,0.006298,0.011098,0.009178,0.011946,0.008774,0.006737,0.005442,0.008316,0.007292,0.006945,0.007807,0.000969,0.00164,0.0187,0.002497,0.001054,0.00709,0.002087,-0.0007,0.000483,0.002213,0.009066,0.003851,0.003709,0.003753,0.005408,0.006021,0.00392,0.012845,0.007952,0.002539,0.002681,0.004993,0.013692,0.000348,0.004031,0.004674,0.008158,0.006756,0.005873,-0.008206,-0.006389,-0.011578,0.004658,-0.010583,-0.010159,0.009466,0.005798,0.0104,0.004523,0.007715,0.002528,0.003138,0.003959,0.001121,0.002936,0.010764,-7.5e-05,-0.000383,0.002946,0.000182,0.004537,0.005152,0.007016,0.00501,0.005819,0.011181,0.011296,0.010192,0.007565,0.008798,0.005123,0.00371,-0.007123,0.005615,0.01676,0.008925,0.00813,0.002414,0.0057,0.003389,0.011535,0.005032,0.005674,0.007159,0.015652,0.014669,0.018386
HYG,0.009684,0.007977,0.015064,0.014815,0.012154,0.013513,0.017538,0.017827,0.023699,0.015064,0.005456,0.008277,0.014615,0.008109,0.008931,0.010099,0.007579,0.010395,0.022792,0.025243,0.029445,0.013652,0.024746,0.015176,0.009614,0.003346,0.003666,0.005332,0.008514,0.007624,0.012889,0.01316,0.012333,0.009944,0.006428,0.005896,0.009522,0.013073,0.011301,0.007854,0.002912,0.003302,0.022056,0.011026,0.011339,0.017831,0.014104,0.008668,0.004227,0.006338,0.018083,0.013225,0.017214,0.004489,0.00839,0.009975,0.00504,0.01461,0.005293,0.002678,0.009765,0.009186,0.015062,0.006571,0.001648,0.0025,0.00498,0.004114,0.003396,-0.005334,-0.003165,-0.00466,0.013736,-0.005767,-0.001377,0.018335,0.016807,0.015821,0.007645,0.011244,0.005994,0.009532,0.018452,0.00277,0.00209,0.018216,-0.002536,-0.000974,0.003418,0.002113,0.010106,0.012837,0.014909,0.010982,0.012823,0.01595,0.017518,0.004767,0.004329,0.005123,0.00743,0.011192,-0.001418,0.01652,0.020034,0.018187,0.008887,0.00515,0.010734,0.005824,0.026943,0.005146,0.005787,0.010122,0.034617,0.03643,0.058023
XLF,0.026093,0.019728,0.023174,0.021533,0.027435,0.030604,0.032593,0.026587,0.025044,0.02578,0.032459,0.036705,0.039143,0.018586,0.03535,0.038166,0.037524,0.03486,0.034611,0.031071,0.047988,0.037179,0.041438,0.051002,0.014171,0.014706,-0.000531,0.008451,0.011961,0.016078,0.019434,0.019604,0.026804,0.013675,0.015123,0.014726,0.025655,0.03277,0.031067,0.014116,0.019982,0.017468,0.057279,0.047314,0.049846,0.055648,0.055518,0.042975,0.03036,0.042338,0.053385,0.05392,0.066317,0.025714,0.037886,0.040022,0.005836,0.031898,0.012216,0.006888,0.026944,0.029026,0.031352,0.021362,-0.001204,-0.001508,0.003437,0.005515,0.000399,-0.007726,-0.00256,0.001161,0.023094,-0.009851,0.005935,0.039863,0.031113,0.02995,0.017261,0.024436,0.017035,0.021464,0.037851,0.006446,0.007364,0.060261,-0.004576,-0.002805,0.014655,0.009093,0.022831,0.025753,0.033849,0.024882,0.028983,0.027708,0.026434,0.002759,0.002875,0.00371,0.011192,0.049373,0.000646,0.032632,0.042294,0.041809,0.01794,0.014126,0.027938,0.014265,0.05747,0.001032,0.001164,0.010031,0.078558,0.073193,0.096209
XLE,-0.003151,-0.011425,-0.011884,-0.016876,-0.012635,-0.022669,-0.000572,-0.009957,0.00213,0.004236,-0.006174,0.001799,0.019743,0.00502,-0.000899,0.019845,-0.001615,-0.004751,-0.004144,-0.021825,-0.018357,-0.000667,0.014523,-0.005244,-0.0123,0.004041,-0.000276,0.000104,-0.000871,0.001112,0.00247,-0.005367,-0.019493,0.003211,-0.003892,0.003023,-0.007946,-0.007652,-0.002079,-0.006359,1.9e-05,0.011769,-0.002955,0.003417,-0.000622,-0.013352,-0.005062,0.007504,0.001122,-0.00215,-0.002265,0.003778,-0.010438,0.004173,-0.004991,-0.005632,-0.002367,-0.01342,-0.001931,0.001953,0.011167,0.024571,-0.007684,0.005152,0.004666,0.0112,-0.008175,0.011042,0.019033,0.109639,0.095462,0.113146,0.067603,0.114864,0.115485,-0.025239,0.003773,-0.014321,-0.000185,0.000795,0.01516,0.019263,0.003858,0.013345,0.010828,0.013734,0.020178,0.017385,0.011654,0.006749,-0.001828,-0.006698,0.002761,-0.001374,-0.002907,-0.006747,-0.007939,-0.00745,-0.005996,-0.007123,-0.001418,0.000646,0.105885,-0.00772,-0.007442,0.000617,0.001642,0.021073,0.002825,0.002492,-0.004842,0.001208,0.001266,0.001529,-0.006936,-0.01886,-0.014562
XLK,0.03432,0.048129,0.084697,0.044752,0.05116,0.051686,0.069374,0.097176,0.152373,0.091252,0.044092,0.036,0.062746,0.025833,0.031792,0.067875,0.040535,0.0524,0.128218,0.143287,0.141105,0.060041,0.122346,0.081732,0.011093,0.010572,-0.011097,0.004179,0.001465,0.009997,0.019089,0.016583,0.026356,0.010251,0.003381,0.008845,0.012268,0.047901,0.031955,0.001913,0.005982,0.005776,0.043065,0.033859,0.035175,0.06102,0.05523,0.02725,0.018467,0.020124,0.053315,0.038671,0.060876,-0.003325,0.024164,0.031411,-0.000258,0.021655,-0.0075,-0.000428,0.031336,0.016714,0.019731,0.0169,-0.011269,-0.011614,-0.006888,-0.004993,-0.008568,-0.022456,-0.016648,-0.013655,0.031658,-0.01769,0.000544,0.049848,0.056999,0.043875,0.013126,0.019241,0.004625,0.007889,0.081474,0.002266,-0.007379,0.048817,-0.023374,-0.022291,-0.013734,0.011525,0.037577,0.056219,0.047679,0.040051,0.047937,0.044858,0.059472,0.003547,0.004436,0.005615,0.01652,0.032632,-0.00772,0.083117,0.031811,0.050821,0.013541,0.006827,0.032755,0.014752,0.103827,0.017092,0.019137,0.045148,0.12967,0.160115,0.292467
XLV,0.029417,-0.00185,0.012122,0.050864,0.019519,0.012784,0.038801,0.027839,0.024146,-0.004169,0.002787,0.027457,0.065547,0.046117,0.016009,0.0339,0.012806,0.006234,0.046833,0.064363,0.086601,0.03031,0.019186,0.02636,0.116436,0.04231,0.061219,0.075367,0.088651,0.088592,0.11486,0.106849,0.114492,0.063832,0.084295,0.058646,0.068306,0.067205,0.070103,0.057089,0.059019,0.041772,0.11757,0.039038,0.034052,0.051967,0.039956,0.024625,0.0244,0.026183,0.058915,0.036914,0.047845,0.03544,0.034511,0.039347,0.037325,0.074092,0.057512,0.02553,0.037916,0.032563,0.072969,0.026419,0.021649,0.027667,0.039919,0.034457,0.028116,-0.020848,-0.018107,-0.019845,0.044928,-0.016806,-0.007203,0.08073,0.071719,0.062737,0.045577,0.054019,0.03231,0.068373,0.068267,0.021415,0.027865,0.088267,0.008436,0.018608,0.041651,0.00792,0.032063,0.032114,0.049396,0.03528,0.040738,0.060026,0.054846,0.015527,0.014106,0.01676,0.020034,0.042294,-0.007442,0.031811,0.18671,0.078618,0.038155,0.035214,0.049176,0.027257,0.071518,0.021828,0.024684,0.04306,0.109838,0.090522,0.147045
XLI,0.031798,0.000499,0.042124,0.045031,0.034468,0.032775,0.049169,0.056038,0.085022,0.027046,-0.02236,-0.007902,0.058461,0.057245,0.015222,0.057525,-0.027031,-0.029457,0.078467,0.098232,0.134213,0.009158,0.048288,0.01811,0.039592,0.01029,0.020876,0.021449,0.037793,0.037181,0.049957,0.045684,0.044785,0.03357,0.037037,0.023986,0.038292,0.03818,0.030487,0.02761,0.021654,0.02258,0.080343,0.050603,0.045077,0.071316,0.056142,0.042917,0.014935,0.01697,0.065055,0.042255,0.06951,0.015323,0.014465,0.022263,0.026747,0.062734,0.02297,0.014107,0.033407,0.025276,0.06495,0.030753,0.008015,0.011602,0.017907,0.014772,0.018171,-0.013904,-0.010607,-0.008862,0.051966,-0.013457,0.00015,0.101614,0.097332,0.067396,0.052764,0.051332,0.042055,0.071039,0.118126,0.02852,0.032214,0.073224,-0.004064,0.003025,0.024558,0.006503,0.034325,0.040523,0.056153,0.037892,0.043593,0.056003,0.058255,0.005886,0.006976,0.008925,0.018187,0.041809,0.000617,0.050821,0.078618,0.097656,0.032115,0.025807,0.042871,0.023316,0.085489,0.022353,0.025185,0.039278,0.117544,0.115041,0.243293
VNQ,0.013619,0.002756,0.008633,0.015583,0.011639,0.010682,0.015368,0.012777,0.010228,0.004378,-0.001179,0.00666,0.024176,0.019806,0.01384,0.013192,0.000596,-0.003039,0.0157,0.011688,0.025218,0.012157,0.006251,0.0045,0.018669,0.004871,0.011964,0.014174,0.018008,0.01819,0.025647,0.017969,0.020448,0.014991,0.019685,0.016006,0.021786,0.015441,0.01193,0.018001,0.008695,0.010978,0.041853,0.017171,0.01613,0.022409,0.016514,0.012531,0.006511,0.009089,0.028588,0.016661,0.022892,0.014233,0.011947,0.011137,0.012435,0.031656,0.020115,0.008855,0.015194,0.017559,0.03172,0.016118,0.010755,0.013541,0.015253,0.013033,0.016047,-0.003928,-0.001819,-0.002393,0.017429,-0.002999,0.000679,0.031606,0.024071,0.022932,0.018587,0.024645,0.018936,0.024961,0.028698,0.00764,0.012219,0.039189,0.007069,0.006488,0.015778,0.005168,0.012847,0.012828,0.021899,0.014298,0.016287,0.023566,0.020389,0.008261,0.006776,0.00813,0.008887,0.01794,0.001642,0.013541,0.038155,0.032115,0.02846,0.013141,0.017772,0.010604,0.029417,0.00714,0.008024,0.013067,0.043891,0.036451,0.055434
SCHD,0.010683,-0.003552,-0.002012,0.008893,0.005186,-0.000346,0.010853,0.002569,0.006746,-0.0019,-0.004173,0.005128,0.023048,0.021472,0.005171,0.021081,-0.004068,-0.007476,0.015796,0.008534,0.018783,0.004339,0.002341,0.000159,0.015428,0.005314,0.013088,0.016554,0.021592,0.019635,0.026693,0.021364,0.019242,0.015247,0.021104,0.015903,0.014072,0.009368,0.010954,0.010905,0.011345,0.013633,0.033909,0.013701,0.012912,0.013912,0.012738,0.012458,0.007342,0.008504,0.018019,0.013607,0.014989,0.01156,0.006173,0.007924,0.012583,0.023597,0.016155,0.010094,0.015611,0.017787,0.025345,0.016414,0.010273,0.015575,0.011207,0.011562,0.016613,0.018009,0.01709,0.020639,0.028971,0.020099,0.024032,0.017532,0.023578,0.015243,0.012319,0.017055,0.018117,0.026936,0.024787,0.009392,0.011882,0.03052,0.008982,0.013314,0.017766,0.001667,0.008708,0.007559,0.015948,0.009784,0.010904,0.014117,0.012411,0.001783,0.001983,0.002414,0.00515,0.014126,0.021073,0.006827,0.035214,0.025807,0.013141,0.017135,0.014765,0.008382,0.015976,0.003873,0.004357,0.005514,0.029547,0.021366,0.040127
VIG,0.022352,0.012252,0.024164,0.025164,0.022219,0.020616,0.030167,0.03988,0.045804,0.026762,0.009176,0.016753,0.036604,0.026532,0.017673,0.036214,0.011253,0.009937,0.04405,0.047669,0.064452,0.022032,0.03483,0.027354,0.025321,0.010024,0.010641,0.016808,0.020929,0.022548,0.03204,0.026696,0.029734,0.017552,0.020145,0.016053,0.020937,0.027174,0.022627,0.013588,0.014976,0.013026,0.047006,0.028549,0.027259,0.038488,0.033699,0.023198,0.016442,0.019534,0.037431,0.02806,0.03903,0.01339,0.018542,0.021303,0.014883,0.03338,0.016885,0.010993,0.023567,0.020918,0.033591,0.0186,0.004999,0.007556,0.009629,0.011653,0.010413,-0.003575,-0.002434,-0.000817,0.027945,-0.004425,0.004774,0.039209,0.042,0.030804,0.017843,0.024074,0.017565,0.02701,0.051533,0.008621,0.00791,0.044252,-0.00104,0.0011,0.013848,0.006718,0.021056,0.025615,0.030421,0.022859,0.026744,0.030178,0.031847,0.004802,0.004604,0.0057,0.010734,0.027938,0.002825,0.032755,0.049176,0.042871,0.017772,0.014765,0.026536,0.013482,0.048991,0.009324,0.010483,0.022987,0.072266,0.072715,0.126515
JEPI,0.010209,0.004802,0.011066,0.012196,0.011941,0.011298,0.014409,0.014655,0.019279,0.008931,0.002945,0.008532,0.017235,0.014995,0.007982,0.015718,0.004919,0.002997,0.020287,0.021231,0.031314,0.009418,0.012394,0.010389,0.012663,0.005239,0.007153,0.010597,0.012027,0.012905,0.018965,0.014889,0.018202,0.010149,0.01266,0.00954,0.013327,0.012913,0.01142,0.008344,0.008253,0.007725,0.026791,0.01405,0.013299,0.017825,0.015008,0.012178,0.008234,0.010827,0.019057,0.013755,0.018911,0.008858,0.00973,0.010853,0.0084,0.019883,0.011664,0.005728,0.012595,0.011146,0.020083,0.008927,0.004864,0.005576,0.006823,0.007016,0.008286,-0.000843,-0.0006,0.000958,0.014476,-0.000529,0.002422,0.022909,0.020589,0.016349,0.01133,0.013904,0.011195,0.016481,0.025669,0.005056,0.005288,0.024447,0.000573,0.001865,0.00871,0.005495,0.010537,0.012272,0.01511,0.011444,0.013329,0.01622,0.016396,0.003049,0.00277,0.003389,0.005824,0.014265,0.002492,0.014752,0.027257,0.023316,0.010604,0.008382,0.013482,0.007992,0.023271,0.004643,0.005244,0.01047,0.03604,0.034811,0.05941
ARKK,0.047186,0.062746,0.095789,0.072164,0.067743,0.066529,0.132596,0.111109,0.19107,0.139784,0.076178,0.059625,0.093033,0.026409,0.057922,0.072667,0.077891,0.100354,0.111031,0.153763,0.164766,0.088998,0.232464,0.150637,0.035666,0.022042,-0.005452,0.007588,0.009101,0.021466,0.025423,0.041527,0.05437,0.032431,0.019629,0.018244,0.023131,0.076783,0.063969,0.017671,0.006658,0.010297,0.090593,0.056777,0.059028,0.099587,0.092115,0.043151,0.017401,0.023659,0.090973,0.069452,0.095915,-0.002031,0.046654,0.057243,0.002989,0.038516,0.002927,-0.001228,0.038958,0.036749,0.037676,0.029566,-0.02225,-0.015461,-0.005478,-0.00145,-0.012868,-0.027873,-0.016198,-0.016117,0.051126,-0.022116,0.004126,0.081527,0.08914,0.08262,0.039174,0.043714,0.0111,0.030258,0.10445,0.025079,0.018112,0.100712,-0.029703,-0.026056,0.00711,0.023793,0.053572,0.074969,0.082753,0.058934,0.068245,0.072145,0.085077,0.008585,0.009373,0.011535,0.026943,0.05747,-0.004842,0.103827,0.071518,0.085489,0.029417,0.015976,0.048991,0.023271,0.212429,0.034209,0.038431,0.07613,0.18455,0.213503,0.34316
GLD,0.001821,0.003121,0.016798,0.016114,0.005173,0.014019,0.017783,0.013267,0.041401,0.009855,-0.011618,-0.016406,0.010259,0.013192,-0.003572,0.015462,-0.018131,-0.009306,0.028701,0.04913,0.050586,-0.006864,0.033458,-0.002188,0.014289,0.004058,0.012607,0.005401,0.009564,0.01275,0.016017,0.01683,0.021668,0.014755,0.010032,0.004108,0.002122,0.011773,0.009117,0.00356,0.001018,-0.002061,0.016348,0.007422,0.004776,0.015903,0.007382,0.001804,-0.003027,-0.006716,0.009076,-0.001169,0.00871,-0.005786,-0.009638,-0.00538,0.004887,0.011712,0.008878,0.002528,0.007719,0.000185,0.009881,-0.003447,0.001083,0.005917,0.011398,0.008018,0.0064,0.004204,-0.008975,-0.009607,0.018585,-0.006056,0.001444,0.021852,0.026834,0.021359,0.014083,0.015773,0.002945,0.011686,0.030908,0.009419,0.021008,0.023878,-0.007157,-0.015094,-0.00033,0.004023,0.009019,0.013106,0.016438,0.010105,0.011539,0.027399,0.033194,0.002462,0.004281,0.005032,0.005146,0.001032,0.001208,0.017092,0.021828,0.022353,0.00714,0.003873,0.009324,0.004643,0.034209,0.06245,0.070164,0.100407,0.030861,0.036896,0.087424
IAU,0.002007,0.00335,0.018791,0.018232,0.005827,0.015834,0.019943,0.014917,0.046433,0.01107,-0.013053,-0.018333,0.011457,0.014993,-0.004064,0.017191,-0.020503,-0.010567,0.032027,0.055083,0.056804,-0.007756,0.037396,-0.002391,0.016086,0.004646,0.014278,0.006277,0.01071,0.014337,0.017983,0.018888,0.024378,0.016751,0.011517,0.004648,0.002519,0.013078,0.010279,0.004043,0.001165,-0.002166,0.018273,0.008292,0.005356,0.017872,0.008216,0.002102,-0.003385,-0.007547,0.010287,-0.001304,0.00975,-0.006565,-0.010659,-0.005945,0.005506,0.013163,0.010058,0.002804,0.00864,0.000206,0.011108,-0.004015,0.001255,0.006561,0.012794,0.00898,0.007181,0.004642,-0.010106,-0.010886,0.020669,-0.006874,0.001518,0.024657,0.030252,0.023993,0.015987,0.017772,0.003344,0.013168,0.034585,0.010807,0.023688,0.026874,-0.008019,-0.01697,-0.000251,0.004647,0.010128,0.014706,0.018446,0.011347,0.012955,0.030791,0.037284,0.002793,0.00483,0.005674,0.005787,0.001164,0.001266,0.019137,0.024684,0.025185,0.008024,0.004357,0.010483,0.005244,0.038431,0.070164,0.078849,0.112703,0.03465,0.041406,0.098263
SLV,0.016117,0.021499,0.03818,0.032512,0.028008,0.03349,0.028995,0.040404,0.085909,0.037832,0.004338,-0.009775,0.036834,0.022226,0.003269,0.040248,-0.012827,0.001778,0.0566,0.089827,0.106673,0.008018,0.085139,0.024147,0.035237,0.006301,0.017783,0.002246,0.015701,0.022396,0.031133,0.032518,0.044899,0.017706,0.007036,0.009873,-0.006173,0.031447,0.035508,0.003817,0.0032,-0.012135,0.029278,0.018144,0.01073,0.038071,0.023455,0.00369,0.005807,-0.001642,0.031006,0.00536,0.021567,-0.005965,-0.001835,0.001733,0.007392,0.027616,0.011392,0.004485,0.02716,0.016798,0.023868,0.006216,-0.003428,0.004834,0.016798,0.017565,0.005711,0.008004,-0.016706,-0.01512,0.044888,-0.00677,0.002955,0.029177,0.053273,0.030189,0.013545,0.029256,-0.000451,0.021185,0.062264,0.004505,0.014336,0.042171,-0.021448,-0.039648,-0.001683,0.012271,0.022345,0.033058,0.034149,0.024676,0.028706,0.056214,0.066625,0.004819,0.006206,0.007159,0.010122,0.010031,0.001529,0.045148,0.04306,0.039278,0.013067,0.005514,0.022987,0.01047,0.07613,0.100407,0.112703,0.234643,0.07744,0.094017,0.188639
SPXL,0.073,0.068812,0.126668,0.094426,0.098644,0.095399,0.131351,0.146388,0.20909,0.116592,0.057421,0.063434,0.120834,0.060462,0.057888,0.110089,0.056693,0.067295,0.181829,0.206878,0.223457,0.090621,0.176207,0.110393,0.051361,0.023958,0.005983,0.028668,0.033799,0.04445,0.067426,0.060471,0.074132,0.040447,0.035987,0.033458,0.050796,0.093705,0.069825,0.027615,0.026546,0.026502,0.128204,0.079334,0.081348,0.121373,0.109576,0.063562,0.042484,0.052496,0.116698,0.086297,0.126102,0.022647,0.053453,0.065803,0.019938,0.078377,0.022963,0.012647,0.066115,0.051365,0.075843,0.044785,-0.001923,-4.1e-05,0.014451,0.013857,0.00659,-0.032895,-0.023134,-0.020825,0.074359,-0.031303,0.003048,0.120462,0.116264,0.095623,0.044229,0.061517,0.034473,0.050352,0.150604,0.012908,0.006537,0.126338,-0.021869,-0.014883,0.009952,0.0273,0.07209,0.097265,0.094264,0.077079,0.091748,0.094492,0.109817,0.012026,0.012655,0.015652,0.034617,0.078558,-0.006936,0.12967,0.109838,0.117544,0.043891,0.029547,0.072266,0.03604,0.18455,0.030861,0.03465,0.07744,0.248403,0.276892,0.45956
TQQQ,0.077376,0.087003,0.158366,0.110203,0.121856,0.1137,0.157688,0.186148,0.288947,0.148755,0.072713,0.07177,0.138909,0.065279,0.060993,0.131777,0.074119,0.086694,0.244985,0.277383,0.27917,0.109994,0.231943,0.140771,0.037786,0.02213,-0.008849,0.021874,0.019891,0.03444,0.060402,0.050393,0.072894,0.031747,0.023232,0.025421,0.037719,0.103817,0.066246,0.013534,0.019366,0.016649,0.113911,0.072231,0.076753,0.125251,0.114208,0.056936,0.044247,0.049577,0.117035,0.082241,0.127403,0.005849,0.053337,0.069755,0.012417,0.065533,0.00681,0.010712,0.071084,0.04165,0.059322,0.041233,-0.011804,-0.012678,0.003348,0.000627,-0.002349,-0.049,-0.038309,-0.035988,0.069914,-0.042729,-0.002196,0.119674,0.122528,0.099325,0.034509,0.053787,0.021803,0.030752,0.16604,0.004584,-0.008641,0.118139,-0.036,-0.032275,-0.009429,0.03678,0.080315,0.117495,0.099805,0.08533,0.102332,0.099632,0.125213,0.010637,0.011758,0.014669,0.03643,0.073193,-0.01886,0.160115,0.090522,0.115041,0.036451,0.021366,0.072715,0.034811,0.213503,0.036896,0.041406,0.094017,0.276892,0.334778,0.576023
SOXL,0.102521,0.070776,0.285735,0.177324,0.18075,0.161274,0.227021,0.365923,0.668301,0.219737,-0.014713,-0.008527,0.268199,0.213201,0.040569,0.250942,-0.053783,-0.043595,0.61199,0.660815,0.705005,0.079785,0.278269,0.137293,0.052482,0.043674,-0.007551,0.032563,0.050968,0.067727,0.09245,0.084376,0.105589,0.063649,0.045664,0.0415,0.057865,0.150236,0.090911,0.008278,0.058175,0.033976,0.144751,0.118122,0.116691,0.230511,0.187825,0.097661,0.051727,0.034915,0.206501,0.110498,0.208884,-0.025145,0.019175,0.061708,0.025136,0.101646,-0.017147,0.010689,0.118654,0.047769,0.098694,0.062645,-0.024109,-0.023515,-0.002356,-0.009908,0.00937,-0.068626,-0.065433,-0.05299,0.169399,-0.050277,0.013988,0.236255,0.306339,0.174469,0.063001,0.086019,0.059461,0.082762,0.424108,0.013135,-0.01089,0.164534,-0.078784,-0.084215,-0.044683,0.01542,0.133434,0.202024,0.188506,0.143421,0.170108,0.179076,0.246528,0.0083,0.014168,0.018386,0.058023,0.096209,-0.014562,0.292467,0.147045,0.243293,0.055434,0.040127,0.126515,0.05941,0.34316,0.087424,0.098263,0.188639,0.45956,0.576023,1.375694
